{
  "type": "FeatureCollection",
  "generator": "overpass-turbo",
  "copyright": "The data included in this document is from www.openstreetmap.org. The data is made available under ODbL.",
  "timestamp": "2026-07-12T07:35:04Z",
  "features": [
    {
      "type": "Feature",
      "properties": {
        "@id": "relation/8199810",
        "admin_level": "7",
        "boundary": "administrative",
        "name": "Pakintelan",
        "source": "HOT_InAWARESurvey_2018",
        "type": "boundary",
        "wikidata": "Q12502124",
        "wikipedia": "id:Pakintelan, Gunungpati, Semarang"
      },
      "geometry": {
        "type": "Polygon",
        "coordinates": [
          [
            [
              110.3942743,
              -7.0996214
            ],
            [
              110.3944571,
              -7.0997969
            ],
            [
              110.3947486,
              -7.1000327
            ],
            [
              110.3948434,
              -7.1002363
            ],
            [
              110.3948955,
              -7.1002526
            ],
            [
              110.3949078,
              -7.1003141
            ],
            [
              110.39495,
              -7.1005262
            ],
            [
              110.3950957,
              -7.1006498
            ],
            [
              110.3953017,
              -7.1006424
            ],
            [
              110.3953958,
              -7.1007114
            ],
            [
              110.3958158,
              -7.1007514
            ],
            [
              110.3960858,
              -7.1007914
            ],
            [
              110.3962912,
              -7.100873
            ],
            [
              110.3964753,
              -7.1010952
            ],
            [
              110.3965751,
              -7.101365
            ],
            [
              110.3964996,
              -7.1016379
            ],
            [
              110.3965185,
              -7.1018062
            ],
            [
              110.3965419,
              -7.1018961
            ],
            [
              110.3968336,
              -7.1020198
            ],
            [
              110.3970242,
              -7.1021546
            ],
            [
              110.3971272,
              -7.1023114
            ],
            [
              110.3971752,
              -7.1025739
            ],
            [
              110.3971381,
              -7.1026986
            ],
            [
              110.3969303,
              -7.1027611
            ],
            [
              110.3968101,
              -7.1027709
            ],
            [
              110.3965857,
              -7.1027706
            ],
            [
              110.3964507,
              -7.1029498
            ],
            [
              110.3964617,
              -7.1031853
            ],
            [
              110.3966859,
              -7.1033426
            ],
            [
              110.3969329,
              -7.1032868
            ],
            [
              110.3969751,
              -7.1032605
            ],
            [
              110.3969758,
              -7.1032614
            ],
            [
              110.3972458,
              -7.1032914
            ],
            [
              110.3974858,
              -7.1032814
            ],
            [
              110.3976858,
              -7.1032114
            ],
            [
              110.3979058,
              -7.1029814
            ],
            [
              110.3981858,
              -7.1025914
            ],
            [
              110.3984258,
              -7.1024621
            ],
            [
              110.3985258,
              -7.1024714
            ],
            [
              110.3992211,
              -7.1025111
            ],
            [
              110.3995342,
              -7.1021864
            ],
            [
              110.399774,
              -7.1019141
            ],
            [
              110.3999992,
              -7.1014346
            ],
            [
              110.4003034,
              -7.1008869
            ],
            [
              110.4006966,
              -7.1004661
            ],
            [
              110.400991,
              -7.0999924
            ],
            [
              110.401005,
              -7.0994895
            ],
            [
              110.4009163,
              -7.0990084
            ],
            [
              110.4008305,
              -7.0986888
            ],
            [
              110.4008228,
              -7.0983121
            ],
            [
              110.4009198,
              -7.0980653
            ],
            [
              110.4010273,
              -7.0978009
            ],
            [
              110.4011082,
              -7.0975838
            ],
            [
              110.4011077,
              -7.0971346
            ],
            [
              110.40096,
              -7.0966964
            ],
            [
              110.4009855,
              -7.096486
            ],
            [
              110.4011724,
              -7.0963579
            ],
            [
              110.4016505,
              -7.0961387
            ],
            [
              110.4020133,
              -7.0958825
            ],
            [
              110.4019671,
              -7.095622
            ],
            [
              110.4017647,
              -7.0954045
            ],
            [
              110.4015723,
              -7.0951556
            ],
            [
              110.4012642,
              -7.0949662
            ],
            [
              110.4010505,
              -7.0946801
            ],
            [
              110.4010937,
              -7.0944474
            ],
            [
              110.4011739,
              -7.0941331
            ],
            [
              110.4015128,
              -7.0937143
            ],
            [
              110.4021973,
              -7.093208
            ],
            [
              110.4026498,
              -7.0928636
            ],
            [
              110.4029602,
              -7.0925212
            ],
            [
              110.4032059,
              -7.0920483
            ],
            [
              110.4032573,
              -7.0916234
            ],
            [
              110.4030943,
              -7.0912332
            ],
            [
              110.402957,
              -7.0909418
            ],
            [
              110.4027822,
              -7.090741
            ],
            [
              110.40266,
              -7.0904387
            ],
            [
              110.4028141,
              -7.0901112
            ],
            [
              110.4030372,
              -7.0896968
            ],
            [
              110.4032367,
              -7.0891813
            ],
            [
              110.4034967,
              -7.0886144
            ],
            [
              110.4037141,
              -7.0882412
            ],
            [
              110.4038364,
              -7.0880597
            ],
            [
              110.4039794,
              -7.0877705
            ],
            [
              110.4040166,
              -7.0873645
            ],
            [
              110.4039478,
              -7.0870159
            ],
            [
              110.4038133,
              -7.0866449
            ],
            [
              110.4035747,
              -7.0864024
            ],
            [
              110.4033585,
              -7.0861758
            ],
            [
              110.4031707,
              -7.0859418
            ],
            [
              110.4031952,
              -7.0856283
            ],
            [
              110.4033019,
              -7.0853224
            ],
            [
              110.4034841,
              -7.0850375
            ],
            [
              110.4037242,
              -7.0848612
            ],
            [
              110.4040594,
              -7.0845864
            ],
            [
              110.4041614,
              -7.084164
            ],
            [
              110.4041024,
              -7.0834414
            ],
            [
              110.4040951,
              -7.0829561
            ],
            [
              110.4040485,
              -7.0824868
            ],
            [
              110.4038802,
              -7.0820361
            ],
            [
              110.4036694,
              -7.0819389
            ],
            [
              110.4034004,
              -7.0819216
            ],
            [
              110.4032488,
              -7.0819315
            ],
            [
              110.4030157,
              -7.082019
            ],
            [
              110.4025546,
              -7.0821319
            ],
            [
              110.4023639,
              -7.0821333
            ],
            [
              110.4022105,
              -7.0820185
            ],
            [
              110.4021827,
              -7.08188
            ],
            [
              110.4022287,
              -7.0816633
            ],
            [
              110.402312,
              -7.0812715
            ],
            [
              110.4022433,
              -7.0808645
            ],
            [
              110.4021313,
              -7.080438
            ],
            [
              110.4021533,
              -7.0801618
            ],
            [
              110.4022868,
              -7.0798872
            ],
            [
              110.4025689,
              -7.0795989
            ],
            [
              110.4028321,
              -7.0792298
            ],
            [
              110.4030129,
              -7.0790618
            ],
            [
              110.4033452,
              -7.0788013
            ],
            [
              110.4029196,
              -7.0786712
            ],
            [
              110.4027681,
              -7.078671
            ],
            [
              110.4023235,
              -7.0786805
            ],
            [
              110.4016669,
              -7.0786494
            ],
            [
              110.4012752,
              -7.0787141
            ],
            [
              110.4012158,
              -7.0786914
            ],
            [
              110.4010258,
              -7.0787014
            ],
            [
              110.4004324,
              -7.078992
            ],
            [
              110.4002097,
              -7.0791006
            ],
            [
              110.4000533,
              -7.0792766
            ],
            [
              110.3999018,
              -7.079268
            ],
            [
              110.3995852,
              -7.0791585
            ],
            [
              110.3994369,
              -7.079099
            ],
            [
              110.3992823,
              -7.0790554
            ],
            [
              110.3988577,
              -7.0789153
            ],
            [
              110.3983523,
              -7.0787965
            ],
            [
              110.3977463,
              -7.0787197
            ],
            [
              110.3974329,
              -7.0787011
            ],
            [
              110.3972029,
              -7.0788703
            ],
            [
              110.3970257,
              -7.079003
            ],
            [
              110.396984,
              -7.079032
            ],
            [
              110.3968657,
              -7.0791007
            ],
            [
              110.3968119,
              -7.079165
            ],
            [
              110.3966698,
              -7.0791949
            ],
            [
              110.3964858,
              -7.0792014
            ],
            [
              110.3960958,
              -7.0791314
            ],
            [
              110.3959584,
              -7.0791244
            ],
            [
              110.395807,
              -7.0791315
            ],
            [
              110.3956027,
              -7.0791366
            ],
            [
              110.3953609,
              -7.0791524
            ],
            [
              110.3950008,
              -7.0791466
            ],
            [
              110.3947805,
              -7.0791463
            ],
            [
              110.3945387,
              -7.0790977
            ],
            [
              110.3943701,
              -7.0790637
            ],
            [
              110.3943058,
              -7.0790614
            ],
            [
              110.3933896,
              -7.0788892
            ],
            [
              110.3932921,
              -7.0788867
            ],
            [
              110.3931363,
              -7.0788757
            ],
            [
              110.3929805,
              -7.0788594
            ],
            [
              110.3927655,
              -7.0788645
            ],
            [
              110.3926109,
              -7.0788604
            ],
            [
              110.3925717,
              -7.0788593
            ],
            [
              110.3923893,
              -7.0788318
            ],
            [
              110.3920508,
              -7.0787669
            ],
            [
              110.3919165,
              -7.0787453
            ],
            [
              110.3918187,
              -7.0787428
            ],
            [
              110.3916424,
              -7.0787664
            ],
            [
              110.3914362,
              -7.0787829
            ],
            [
              110.3911782,
              -7.0788094
            ],
            [
              110.3909148,
              -7.0788413
            ],
            [
              110.3908156,
              -7.0788666
            ],
            [
              110.3907729,
              -7.078865
            ],
            [
              110.3906218,
              -7.0788972
            ],
            [
              110.3904498,
              -7.078897
            ],
            [
              110.3902887,
              -7.0788485
            ],
            [
              110.3901436,
              -7.0788054
            ],
            [
              110.3900816,
              -7.0787976
            ],
            [
              110.3899664,
              -7.0787514
            ],
            [
              110.3897944,
              -7.0787351
            ],
            [
              110.3896224,
              -7.078751
            ],
            [
              110.3894343,
              -7.0787346
            ],
            [
              110.3892355,
              -7.0787344
            ],
            [
              110.3891065,
              -7.0787127
            ],
            [
              110.3889668,
              -7.0786857
            ],
            [
              110.3887573,
              -7.0786747
            ],
            [
              110.3884026,
              -7.078642
            ],
            [
              110.3881393,
              -7.0786202
            ],
            [
              110.3880555,
              -7.0785986
            ],
            [
              110.3877492,
              -7.0785767
            ],
            [
              110.3877512,
              -7.0785839
            ],
            [
              110.3876379,
              -7.0785733
            ],
            [
              110.3876355,
              -7.0786331
            ],
            [
              110.3876986,
              -7.0788785
            ],
            [
              110.3877541,
              -7.0790955
            ],
            [
              110.3877723,
              -7.0793325
            ],
            [
              110.3878168,
              -7.0795773
            ],
            [
              110.3878256,
              -7.080017
            ],
            [
              110.3877828,
              -7.0804949
            ],
            [
              110.3877198,
              -7.0807233
            ],
            [
              110.3874349,
              -7.0814751
            ],
            [
              110.3872383,
              -7.0820502
            ],
            [
              110.3871822,
              -7.0823391
            ],
            [
              110.3871509,
              -7.0828152
            ],
            [
              110.3871665,
              -7.0831445
            ],
            [
              110.3872263,
              -7.0839968
            ],
            [
              110.3872499,
              -7.08441
            ],
            [
              110.3872719,
              -7.0848072
            ],
            [
              110.3872411,
              -7.08502
            ],
            [
              110.3871995,
              -7.0853925
            ],
            [
              110.3871942,
              -7.0857256
            ],
            [
              110.3872233,
              -7.0861309
            ],
            [
              110.3873892,
              -7.0865399
            ],
            [
              110.3875553,
              -7.0868519
            ],
            [
              110.3879874,
              -7.087937
            ],
            [
              110.388195,
              -7.0883045
            ],
            [
              110.3883612,
              -7.0885819
            ],
            [
              110.3886277,
              -7.0890084
            ],
            [
              110.388676,
              -7.0892025
            ],
            [
              110.3888188,
              -7.0893901
            ],
            [
              110.3888491,
              -7.0896132
            ],
            [
              110.3889134,
              -7.0899463
            ],
            [
              110.3889385,
              -7.0900517
            ],
            [
              110.3889886,
              -7.0902613
            ],
            [
              110.3889622,
              -7.090667
            ],
            [
              110.3890097,
              -7.0915124
            ],
            [
              110.3890923,
              -7.0919976
            ],
            [
              110.3891951,
              -7.0929609
            ],
            [
              110.3893083,
              -7.0938723
            ],
            [
              110.3893839,
              -7.094399
            ],
            [
              110.389587,
              -7.0956015
            ],
            [
              110.389642,
              -7.0959827
            ],
            [
              110.3896723,
              -7.0966514
            ],
            [
              110.3896231,
              -7.0971849
            ],
            [
              110.389525,
              -7.0978777
            ],
            [
              110.38954,
              -7.0980043
            ],
            [
              110.389919,
              -7.0979929
            ],
            [
              110.3901871,
              -7.0980655
            ],
            [
              110.390291,
              -7.0981187
            ],
            [
              110.3904208,
              -7.0983519
            ],
            [
              110.3905659,
              -7.0983795
            ],
            [
              110.3908767,
              -7.0985289
            ],
            [
              110.391464,
              -7.0986624
            ],
            [
              110.3922753,
              -7.0988572
            ],
            [
              110.3928858,
              -7.0990414
            ],
            [
              110.3933619,
              -7.0991102
            ],
            [
              110.3938853,
              -7.0992916
            ],
            [
              110.3940759,
              -7.09946
            ],
            [
              110.3942606,
              -7.0995858
            ],
            [
              110.3942743,
              -7.0996214
            ]
          ]
        ]
      },
      "id": "relation/8199810"
    },
    {
      "type": "Feature",
      "properties": {
        "@id": "relation/8199811",
        "admin_level": "9",
        "boundary": "administrative",
        "flood_prone": "no",
        "landslide_prone": "no",
        "name": "RW 04",
        "source": "HOT_InAWARESurvey_2018",
        "type": "boundary"
      },
      "geometry": {
        "type": "Polygon",
        "coordinates": [
          [
            [
              110.3902142,
              -7.0891734
            ],
            [
              110.3902866,
              -7.0900012
            ],
            [
              110.3901498,
              -7.0906906
            ],
            [
              110.3903074,
              -7.090968
            ],
            [
              110.3906487,
              -7.0915689
            ],
            [
              110.3913568,
              -7.0922876
            ],
            [
              110.3913193,
              -7.0928146
            ],
            [
              110.3909706,
              -7.0929051
            ],
            [
              110.3911385,
              -7.0937807
            ],
            [
              110.3911584,
              -7.0938846
            ],
            [
              110.3914212,
              -7.093858
            ],
            [
              110.3920757,
              -7.0938047
            ],
            [
              110.393347,
              -7.0929743
            ],
            [
              110.3937118,
              -7.0927773
            ],
            [
              110.3938573,
              -7.0928809
            ],
            [
              110.3939834,
              -7.0930459
            ],
            [
              110.3941879,
              -7.0934587
            ],
            [
              110.3947059,
              -7.0932385
            ],
            [
              110.3950439,
              -7.0929058
            ],
            [
              110.3955106,
              -7.0926343
            ],
            [
              110.3958271,
              -7.092826
            ],
            [
              110.3959069,
              -7.0928553
            ],
            [
              110.3961168,
              -7.0929324
            ],
            [
              110.3963673,
              -7.0929131
            ],
            [
              110.3964906,
              -7.0928465
            ],
            [
              110.3969197,
              -7.0927028
            ],
            [
              110.3965603,
              -7.091553
            ],
            [
              110.3963619,
              -7.0910525
            ],
            [
              110.3968607,
              -7.0908449
            ],
            [
              110.3965121,
              -7.0902807
            ],
            [
              110.3962733,
              -7.0896951
            ],
            [
              110.3958897,
              -7.0896445
            ],
            [
              110.3952031,
              -7.0896525
            ],
            [
              110.3949993,
              -7.089711
            ],
            [
              110.3940982,
              -7.089853
            ],
            [
              110.3936314,
              -7.0899266
            ],
            [
              110.3933953,
              -7.0897536
            ],
            [
              110.3928374,
              -7.0887901
            ],
            [
              110.392301,
              -7.0876296
            ],
            [
              110.3914976,
              -7.0860497
            ],
            [
              110.3914158,
              -7.0858888
            ],
            [
              110.3905579,
              -7.0858989
            ],
            [
              110.3903644,
              -7.0862615
            ],
            [
              110.3902089,
              -7.0880714
            ],
            [
              110.3902518,
              -7.0887475
            ],
            [
              110.3902142,
              -7.0891734
            ]
          ]
        ]
      },
      "id": "relation/8199811"
    },
    {
      "type": "Feature",
      "properties": {
        "@id": "relation/8199812",
        "admin_level": "9",
        "boundary": "administrative",
        "flood_prone": "no",
        "landslide_prone": "no",
        "name": "RW 02",
        "source": "HOT_InAWARESurvey_2018",
        "type": "boundary"
      },
      "geometry": {
        "type": "Polygon",
        "coordinates": [
          [
            [
              110.3903644,
              -7.0862615
            ],
            [
              110.3905579,
              -7.0858989
            ],
            [
              110.3914158,
              -7.0858888
            ],
            [
              110.3914976,
              -7.0860497
            ],
            [
              110.392301,
              -7.0876296
            ],
            [
              110.3928374,
              -7.0887901
            ],
            [
              110.3933953,
              -7.0897536
            ],
            [
              110.3936314,
              -7.0899266
            ],
            [
              110.3940982,
              -7.089853
            ],
            [
              110.3949993,
              -7.089711
            ],
            [
              110.3952031,
              -7.0896525
            ],
            [
              110.3958897,
              -7.0896445
            ],
            [
              110.3962733,
              -7.0896951
            ],
            [
              110.3962636,
              -7.0893718
            ],
            [
              110.3966247,
              -7.0894262
            ],
            [
              110.3965962,
              -7.0889938
            ],
            [
              110.3965711,
              -7.0884121
            ],
            [
              110.3970056,
              -7.0884121
            ],
            [
              110.3970002,
              -7.0875764
            ],
            [
              110.3967212,
              -7.0867938
            ],
            [
              110.396673,
              -7.0865809
            ],
            [
              110.3964799,
              -7.0854682
            ],
            [
              110.3968929,
              -7.0831579
            ],
            [
              110.396901,
              -7.0822635
            ],
            [
              110.3961204,
              -7.0822795
            ],
            [
              110.3949135,
              -7.082354
            ],
            [
              110.39339,
              -7.082567
            ],
            [
              110.3925853,
              -7.0818696
            ],
            [
              110.3925236,
              -7.081151
            ],
            [
              110.3920059,
              -7.0808954
            ],
            [
              110.3917806,
              -7.0803577
            ],
            [
              110.3917109,
              -7.0798839
            ],
            [
              110.390638,
              -7.0799372
            ],
            [
              110.3903591,
              -7.0801554
            ],
            [
              110.3897743,
              -7.0807038
            ],
            [
              110.3901074,
              -7.0812278
            ],
            [
              110.3902142,
              -7.0813958
            ],
            [
              110.3904127,
              -7.0819282
            ],
            [
              110.3902625,
              -7.0822582
            ],
            [
              110.3899138,
              -7.0822848
            ],
            [
              110.3898763,
              -7.0825297
            ],
            [
              110.3898966,
              -7.0826394
            ],
            [
              110.3899245,
              -7.0827906
            ],
            [
              110.3902089,
              -7.082929
            ],
            [
              110.3902089,
              -7.0835092
            ],
            [
              110.390225,
              -7.0838074
            ],
            [
              110.3905951,
              -7.0844089
            ],
            [
              110.3911369,
              -7.0848348
            ],
            [
              110.3917753,
              -7.0848614
            ],
            [
              110.3924137,
              -7.0847682
            ],
            [
              110.3924408,
              -7.0840077
            ],
            [
              110.3923898,
              -7.0838347
            ],
            [
              110.3923845,
              -7.0836697
            ],
            [
              110.392478,
              -7.0834054
            ],
            [
              110.3931539,
              -7.0836104
            ],
            [
              110.3932719,
              -7.0855481
            ],
            [
              110.3925799,
              -7.0854683
            ],
            [
              110.3918826,
              -7.0854097
            ],
            [
              110.3909062,
              -7.0854736
            ],
            [
              110.3903054,
              -7.0855535
            ],
            [
              110.3901659,
              -7.0858835
            ],
            [
              110.3901176,
              -7.086022
            ],
            [
              110.3903644,
              -7.0862615
            ]
          ]
        ]
      },
      "id": "relation/8199812"
    },
    {
      "type": "Feature",
      "properties": {
        "@id": "relation/8199813",
        "admin_level": "9",
        "boundary": "administrative",
        "flood_prone": "no",
        "landslide_prone": "no",
        "name": "RW 01",
        "source": "HOT_InAWARESurvey_2018",
        "type": "boundary"
      },
      "geometry": {
        "type": "Polygon",
        "coordinates": [
          [
            [
              110.3992211,
              -7.1025111
            ],
            [
              110.3995342,
              -7.1021864
            ],
            [
              110.399774,
              -7.1019141
            ],
            [
              110.3999992,
              -7.1014346
            ],
            [
              110.4003034,
              -7.1008869
            ],
            [
              110.4006966,
              -7.1004661
            ],
            [
              110.400991,
              -7.0999924
            ],
            [
              110.401005,
              -7.0994895
            ],
            [
              110.4009163,
              -7.0990084
            ],
            [
              110.4008305,
              -7.0986888
            ],
            [
              110.4008228,
              -7.0983121
            ],
            [
              110.4009198,
              -7.0980653
            ],
            [
              110.4010273,
              -7.0978009
            ],
            [
              110.4011082,
              -7.0975838
            ],
            [
              110.4011077,
              -7.0971346
            ],
            [
              110.40096,
              -7.0966964
            ],
            [
              110.4009855,
              -7.096486
            ],
            [
              110.4011724,
              -7.0963579
            ],
            [
              110.4016505,
              -7.0961387
            ],
            [
              110.4020133,
              -7.0958825
            ],
            [
              110.4019671,
              -7.095622
            ],
            [
              110.4017647,
              -7.0954045
            ],
            [
              110.4015723,
              -7.0951556
            ],
            [
              110.4012642,
              -7.0949662
            ],
            [
              110.4010505,
              -7.0946801
            ],
            [
              110.4010937,
              -7.0944474
            ],
            [
              110.4011739,
              -7.0941331
            ],
            [
              110.4015128,
              -7.0937143
            ],
            [
              110.4021973,
              -7.093208
            ],
            [
              110.4026498,
              -7.0928636
            ],
            [
              110.4029602,
              -7.0925212
            ],
            [
              110.4032059,
              -7.0920483
            ],
            [
              110.4032573,
              -7.0916234
            ],
            [
              110.4030943,
              -7.0912332
            ],
            [
              110.402957,
              -7.0909418
            ],
            [
              110.4027822,
              -7.090741
            ],
            [
              110.40266,
              -7.0904387
            ],
            [
              110.4028141,
              -7.0901112
            ],
            [
              110.4030372,
              -7.0896968
            ],
            [
              110.4032367,
              -7.0891813
            ],
            [
              110.4034967,
              -7.0886144
            ],
            [
              110.4037141,
              -7.0882412
            ],
            [
              110.4038364,
              -7.0880597
            ],
            [
              110.4039794,
              -7.0877705
            ],
            [
              110.4040166,
              -7.0873645
            ],
            [
              110.4039478,
              -7.0870159
            ],
            [
              110.4038133,
              -7.0866449
            ],
            [
              110.4035747,
              -7.0864024
            ],
            [
              110.4033585,
              -7.0861758
            ],
            [
              110.4031707,
              -7.0859418
            ],
            [
              110.4031952,
              -7.0856283
            ],
            [
              110.4033019,
              -7.0853224
            ],
            [
              110.4034841,
              -7.0850375
            ],
            [
              110.4037242,
              -7.0848612
            ],
            [
              110.4040594,
              -7.0845864
            ],
            [
              110.4041614,
              -7.084164
            ],
            [
              110.4041024,
              -7.0834414
            ],
            [
              110.3991514,
              -7.0832697
            ],
            [
              110.3968929,
              -7.0831579
            ],
            [
              110.3964799,
              -7.0854682
            ],
            [
              110.396673,
              -7.0865809
            ],
            [
              110.3967212,
              -7.0867938
            ],
            [
              110.3970002,
              -7.0875764
            ],
            [
              110.3970056,
              -7.0884121
            ],
            [
              110.3965711,
              -7.0884121
            ],
            [
              110.3965962,
              -7.0889938
            ],
            [
              110.3966247,
              -7.0894262
            ],
            [
              110.3962636,
              -7.0893718
            ],
            [
              110.3962733,
              -7.0896951
            ],
            [
              110.3965121,
              -7.0902807
            ],
            [
              110.3968607,
              -7.0908449
            ],
            [
              110.3963619,
              -7.0910525
            ],
            [
              110.3965603,
              -7.091553
            ],
            [
              110.3969197,
              -7.0927028
            ],
            [
              110.3964906,
              -7.0928465
            ],
            [
              110.3963673,
              -7.0929131
            ],
            [
              110.3964574,
              -7.0932343
            ],
            [
              110.396497,
              -7.0933755
            ],
            [
              110.3965703,
              -7.0936369
            ],
            [
              110.3965845,
              -7.0936876
            ],
            [
              110.3966754,
              -7.0939055
            ],
            [
              110.3969037,
              -7.0944528
            ],
            [
              110.3976225,
              -7.0954482
            ],
            [
              110.3981965,
              -7.096827
            ],
            [
              110.3983253,
              -7.0978917
            ],
            [
              110.3983092,
              -7.0994834
            ],
            [
              110.3983199,
              -7.101091
            ],
            [
              110.3984258,
              -7.1024621
            ],
            [
              110.3985258,
              -7.1024714
            ],
            [
              110.3992211,
              -7.1025111
            ]
          ]
        ]
      },
      "id": "relation/8199813"
    },
    {
      "type": "Feature",
      "properties": {
        "@id": "relation/8199814",
        "admin_level": "9",
        "boundary": "administrative",
        "flood_prone": "no",
        "landslide_prone": "no",
        "name": "RW 06",
        "source": "HOT_InAWARESurvey_2018",
        "type": "boundary"
      },
      "geometry": {
        "type": "Polygon",
        "coordinates": [
          [
            [
              110.3897743,
              -7.0807038
            ],
            [
              110.3903591,
              -7.0801554
            ],
            [
              110.390638,
              -7.0799372
            ],
            [
              110.3917109,
              -7.0798839
            ],
            [
              110.3917806,
              -7.0803577
            ],
            [
              110.3920059,
              -7.0808954
            ],
            [
              110.3925236,
              -7.081151
            ],
            [
              110.3925853,
              -7.0818696
            ],
            [
              110.39339,
              -7.082567
            ],
            [
              110.3949135,
              -7.082354
            ],
            [
              110.3961204,
              -7.0822795
            ],
            [
              110.396901,
              -7.0822635
            ],
            [
              110.3968929,
              -7.0831579
            ],
            [
              110.3991514,
              -7.0832697
            ],
            [
              110.4041024,
              -7.0834414
            ],
            [
              110.4040951,
              -7.0829561
            ],
            [
              110.4040485,
              -7.0824868
            ],
            [
              110.4038802,
              -7.0820361
            ],
            [
              110.4036694,
              -7.0819389
            ],
            [
              110.4034004,
              -7.0819216
            ],
            [
              110.4032488,
              -7.0819315
            ],
            [
              110.4030157,
              -7.082019
            ],
            [
              110.4025546,
              -7.0821319
            ],
            [
              110.4023639,
              -7.0821333
            ],
            [
              110.4022105,
              -7.0820185
            ],
            [
              110.4021827,
              -7.08188
            ],
            [
              110.4022287,
              -7.0816633
            ],
            [
              110.402312,
              -7.0812715
            ],
            [
              110.4022433,
              -7.0808645
            ],
            [
              110.4021313,
              -7.080438
            ],
            [
              110.4021533,
              -7.0801618
            ],
            [
              110.4022868,
              -7.0798872
            ],
            [
              110.4025689,
              -7.0795989
            ],
            [
              110.4028321,
              -7.0792298
            ],
            [
              110.4030129,
              -7.0790618
            ],
            [
              110.4033452,
              -7.0788013
            ],
            [
              110.4029196,
              -7.0786712
            ],
            [
              110.4027681,
              -7.078671
            ],
            [
              110.4023235,
              -7.0786805
            ],
            [
              110.4016669,
              -7.0786494
            ],
            [
              110.4012752,
              -7.0787141
            ],
            [
              110.4012158,
              -7.0786914
            ],
            [
              110.4010258,
              -7.0787014
            ],
            [
              110.4004324,
              -7.078992
            ],
            [
              110.4002097,
              -7.0791006
            ],
            [
              110.4000533,
              -7.0792766
            ],
            [
              110.3999018,
              -7.079268
            ],
            [
              110.3995852,
              -7.0791585
            ],
            [
              110.3994369,
              -7.079099
            ],
            [
              110.3992823,
              -7.0790554
            ],
            [
              110.3988577,
              -7.0789153
            ],
            [
              110.3983523,
              -7.0787965
            ],
            [
              110.3977463,
              -7.0787197
            ],
            [
              110.3974329,
              -7.0787011
            ],
            [
              110.3972029,
              -7.0788703
            ],
            [
              110.3970257,
              -7.079003
            ],
            [
              110.396984,
              -7.079032
            ],
            [
              110.3968657,
              -7.0791007
            ],
            [
              110.3968119,
              -7.079165
            ],
            [
              110.3966698,
              -7.0791949
            ],
            [
              110.3964858,
              -7.0792014
            ],
            [
              110.3960958,
              -7.0791314
            ],
            [
              110.3959584,
              -7.0791244
            ],
            [
              110.395807,
              -7.0791315
            ],
            [
              110.3956027,
              -7.0791366
            ],
            [
              110.3953609,
              -7.0791524
            ],
            [
              110.3950008,
              -7.0791466
            ],
            [
              110.3947805,
              -7.0791463
            ],
            [
              110.3945387,
              -7.0790977
            ],
            [
              110.3943701,
              -7.0790637
            ],
            [
              110.3943058,
              -7.0790614
            ],
            [
              110.3933896,
              -7.0788892
            ],
            [
              110.3932921,
              -7.0788867
            ],
            [
              110.3931363,
              -7.0788757
            ],
            [
              110.3929805,
              -7.0788594
            ],
            [
              110.3927655,
              -7.0788645
            ],
            [
              110.3926109,
              -7.0788604
            ],
            [
              110.3925717,
              -7.0788593
            ],
            [
              110.3923893,
              -7.0788318
            ],
            [
              110.3920508,
              -7.0787669
            ],
            [
              110.3919165,
              -7.0787453
            ],
            [
              110.3918187,
              -7.0787428
            ],
            [
              110.3916424,
              -7.0787664
            ],
            [
              110.3914362,
              -7.0787829
            ],
            [
              110.3911782,
              -7.0788094
            ],
            [
              110.3909148,
              -7.0788413
            ],
            [
              110.3908156,
              -7.0788666
            ],
            [
              110.3907729,
              -7.078865
            ],
            [
              110.3906218,
              -7.0788972
            ],
            [
              110.3904498,
              -7.078897
            ],
            [
              110.3902887,
              -7.0788485
            ],
            [
              110.3901436,
              -7.0788054
            ],
            [
              110.3900816,
              -7.0787976
            ],
            [
              110.3899664,
              -7.0787514
            ],
            [
              110.3897944,
              -7.0787351
            ],
            [
              110.3896224,
              -7.078751
            ],
            [
              110.3894343,
              -7.0787346
            ],
            [
              110.3892355,
              -7.0787344
            ],
            [
              110.3891065,
              -7.0787127
            ],
            [
              110.3889668,
              -7.0786857
            ],
            [
              110.3887573,
              -7.0786747
            ],
            [
              110.3884026,
              -7.078642
            ],
            [
              110.3881393,
              -7.0786202
            ],
            [
              110.3880555,
              -7.0785986
            ],
            [
              110.3877492,
              -7.0785767
            ],
            [
              110.3877512,
              -7.0785839
            ],
            [
              110.3876379,
              -7.0785733
            ],
            [
              110.3876355,
              -7.0786331
            ],
            [
              110.3876986,
              -7.0788785
            ],
            [
              110.3877541,
              -7.0790955
            ],
            [
              110.3877723,
              -7.0793325
            ],
            [
              110.3878168,
              -7.0795773
            ],
            [
              110.3878256,
              -7.080017
            ],
            [
              110.3886532,
              -7.0804855
            ],
            [
              110.389195,
              -7.080773
            ],
            [
              110.3897743,
              -7.0807038
            ]
          ]
        ]
      },
      "id": "relation/8199814"
    },
    {
      "type": "Feature",
      "properties": {
        "@id": "relation/8199815",
        "admin_level": "9",
        "boundary": "administrative",
        "flood_prone": "no",
        "landslide_prone": "no",
        "name": "RW 05",
        "source": "HOT_InAWARESurvey_2018",
        "type": "boundary"
      },
      "geometry": {
        "type": "Polygon",
        "coordinates": [
          [
            [
              110.3902142,
              -7.0891734
            ],
            [
              110.3902518,
              -7.0887475
            ],
            [
              110.3902089,
              -7.0880714
            ],
            [
              110.3903644,
              -7.0862615
            ],
            [
              110.3901176,
              -7.086022
            ],
            [
              110.3901659,
              -7.0858835
            ],
            [
              110.3903054,
              -7.0855535
            ],
            [
              110.3909062,
              -7.0854736
            ],
            [
              110.3918826,
              -7.0854097
            ],
            [
              110.3925799,
              -7.0854683
            ],
            [
              110.3932719,
              -7.0855481
            ],
            [
              110.3931539,
              -7.0836104
            ],
            [
              110.392478,
              -7.0834054
            ],
            [
              110.3923845,
              -7.0836697
            ],
            [
              110.3923898,
              -7.0838347
            ],
            [
              110.3924408,
              -7.0840077
            ],
            [
              110.3924137,
              -7.0847682
            ],
            [
              110.3917753,
              -7.0848614
            ],
            [
              110.3911369,
              -7.0848348
            ],
            [
              110.3905951,
              -7.0844089
            ],
            [
              110.390225,
              -7.0838074
            ],
            [
              110.3902089,
              -7.0835092
            ],
            [
              110.3902089,
              -7.082929
            ],
            [
              110.3899245,
              -7.0827906
            ],
            [
              110.3898966,
              -7.0826394
            ],
            [
              110.3898763,
              -7.0825297
            ],
            [
              110.3899138,
              -7.0822848
            ],
            [
              110.3902625,
              -7.0822582
            ],
            [
              110.3904127,
              -7.0819282
            ],
            [
              110.3902142,
              -7.0813958
            ],
            [
              110.3901074,
              -7.0812278
            ],
            [
              110.3897743,
              -7.0807038
            ],
            [
              110.389195,
              -7.080773
            ],
            [
              110.3886532,
              -7.0804855
            ],
            [
              110.3878256,
              -7.080017
            ],
            [
              110.3877828,
              -7.0804949
            ],
            [
              110.3877198,
              -7.0807233
            ],
            [
              110.3874349,
              -7.0814751
            ],
            [
              110.3872383,
              -7.0820502
            ],
            [
              110.3871822,
              -7.0823391
            ],
            [
              110.3871509,
              -7.0828152
            ],
            [
              110.3871665,
              -7.0831445
            ],
            [
              110.3872263,
              -7.0839968
            ],
            [
              110.3872499,
              -7.08441
            ],
            [
              110.3872719,
              -7.0848072
            ],
            [
              110.3872411,
              -7.08502
            ],
            [
              110.3871995,
              -7.0853925
            ],
            [
              110.3871942,
              -7.0857256
            ],
            [
              110.3872233,
              -7.0861309
            ],
            [
              110.3873892,
              -7.0865399
            ],
            [
              110.3875553,
              -7.0868519
            ],
            [
              110.3879874,
              -7.087937
            ],
            [
              110.388195,
              -7.0883045
            ],
            [
              110.3883612,
              -7.0885819
            ],
            [
              110.3886277,
              -7.0890084
            ],
            [
              110.388676,
              -7.0892025
            ],
            [
              110.3888188,
              -7.0893901
            ],
            [
              110.3902142,
              -7.0891734
            ]
          ]
        ]
      },
      "id": "relation/8199815"
    },
    {
      "type": "Feature",
      "properties": {
        "@id": "relation/8199816",
        "admin_level": "9",
        "boundary": "administrative",
        "flood_prone": "no",
        "landslide_prone": "no",
        "name": "RW 03",
        "source": "HOT_InAWARESurvey_2018",
        "type": "boundary"
      },
      "geometry": {
        "type": "Polygon",
        "coordinates": [
          [
            [
              110.3888188,
              -7.0893901
            ],
            [
              110.3888491,
              -7.0896132
            ],
            [
              110.3889134,
              -7.0899463
            ],
            [
              110.3889385,
              -7.0900517
            ],
            [
              110.3889886,
              -7.0902613
            ],
            [
              110.3889622,
              -7.090667
            ],
            [
              110.3890097,
              -7.0915124
            ],
            [
              110.3890923,
              -7.0919976
            ],
            [
              110.3891951,
              -7.0929609
            ],
            [
              110.3893083,
              -7.0938723
            ],
            [
              110.3893839,
              -7.094399
            ],
            [
              110.389587,
              -7.0956015
            ],
            [
              110.389642,
              -7.0959827
            ],
            [
              110.3896723,
              -7.0966514
            ],
            [
              110.3896231,
              -7.0971849
            ],
            [
              110.389525,
              -7.0978777
            ],
            [
              110.38954,
              -7.0980043
            ],
            [
              110.389919,
              -7.0979929
            ],
            [
              110.3901871,
              -7.0980655
            ],
            [
              110.390291,
              -7.0981187
            ],
            [
              110.3904208,
              -7.0983519
            ],
            [
              110.3905659,
              -7.0983795
            ],
            [
              110.3908767,
              -7.0985289
            ],
            [
              110.391464,
              -7.0986624
            ],
            [
              110.3922753,
              -7.0988572
            ],
            [
              110.3928858,
              -7.0990414
            ],
            [
              110.3933619,
              -7.0991102
            ],
            [
              110.3938853,
              -7.0992916
            ],
            [
              110.3940759,
              -7.09946
            ],
            [
              110.3942606,
              -7.0995858
            ],
            [
              110.3942743,
              -7.0996214
            ],
            [
              110.3944571,
              -7.0997969
            ],
            [
              110.3947486,
              -7.1000327
            ],
            [
              110.3948434,
              -7.1002363
            ],
            [
              110.3948955,
              -7.1002526
            ],
            [
              110.3949078,
              -7.1003141
            ],
            [
              110.39495,
              -7.1005262
            ],
            [
              110.3950957,
              -7.1006498
            ],
            [
              110.3953017,
              -7.1006424
            ],
            [
              110.3953958,
              -7.1007114
            ],
            [
              110.3958158,
              -7.1007514
            ],
            [
              110.3960858,
              -7.1007914
            ],
            [
              110.3962912,
              -7.100873
            ],
            [
              110.3964753,
              -7.1010952
            ],
            [
              110.3965751,
              -7.101365
            ],
            [
              110.3964996,
              -7.1016379
            ],
            [
              110.3965185,
              -7.1018062
            ],
            [
              110.3965419,
              -7.1018961
            ],
            [
              110.3968336,
              -7.1020198
            ],
            [
              110.3970242,
              -7.1021546
            ],
            [
              110.3971272,
              -7.1023114
            ],
            [
              110.3971752,
              -7.1025739
            ],
            [
              110.3971381,
              -7.1026986
            ],
            [
              110.3969303,
              -7.1027611
            ],
            [
              110.3968101,
              -7.1027709
            ],
            [
              110.3965857,
              -7.1027706
            ],
            [
              110.3964507,
              -7.1029498
            ],
            [
              110.3964617,
              -7.1031853
            ],
            [
              110.3966859,
              -7.1033426
            ],
            [
              110.3969329,
              -7.1032868
            ],
            [
              110.3969751,
              -7.1032605
            ],
            [
              110.3969758,
              -7.1032614
            ],
            [
              110.3972458,
              -7.1032914
            ],
            [
              110.3974858,
              -7.1032814
            ],
            [
              110.3976858,
              -7.1032114
            ],
            [
              110.3979058,
              -7.1029814
            ],
            [
              110.3981858,
              -7.1025914
            ],
            [
              110.3984258,
              -7.1024621
            ],
            [
              110.3983199,
              -7.101091
            ],
            [
              110.3983092,
              -7.0994834
            ],
            [
              110.3983253,
              -7.0978917
            ],
            [
              110.3981965,
              -7.096827
            ],
            [
              110.3976225,
              -7.0954482
            ],
            [
              110.3969037,
              -7.0944528
            ],
            [
              110.3966754,
              -7.0939055
            ],
            [
              110.3965845,
              -7.0936876
            ],
            [
              110.3965703,
              -7.0936369
            ],
            [
              110.396497,
              -7.0933755
            ],
            [
              110.3964574,
              -7.0932343
            ],
            [
              110.3963673,
              -7.0929131
            ],
            [
              110.3961168,
              -7.0929324
            ],
            [
              110.3959069,
              -7.0928553
            ],
            [
              110.3958271,
              -7.092826
            ],
            [
              110.3955106,
              -7.0926343
            ],
            [
              110.3950439,
              -7.0929058
            ],
            [
              110.3947059,
              -7.0932385
            ],
            [
              110.3941879,
              -7.0934587
            ],
            [
              110.3939834,
              -7.0930459
            ],
            [
              110.3938573,
              -7.0928809
            ],
            [
              110.3937118,
              -7.0927773
            ],
            [
              110.393347,
              -7.0929743
            ],
            [
              110.3920757,
              -7.0938047
            ],
            [
              110.3914212,
              -7.093858
            ],
            [
              110.3911584,
              -7.0938846
            ],
            [
              110.3911385,
              -7.0937807
            ],
            [
              110.3909706,
              -7.0929051
            ],
            [
              110.3913193,
              -7.0928146
            ],
            [
              110.3913568,
              -7.0922876
            ],
            [
              110.3906487,
              -7.0915689
            ],
            [
              110.3903074,
              -7.090968
            ],
            [
              110.3901498,
              -7.0906906
            ],
            [
              110.3902866,
              -7.0900012
            ],
            [
              110.3902142,
              -7.0891734
            ],
            [
              110.3888188,
              -7.0893901
            ]
          ]
        ]
      },
      "id": "relation/8199816"
    },
    {
      "type": "Feature",
      "properties": {
        "@id": "way/344282940",
        "foot": "yes",
        "highway": "secondary",
        "lanes": "2",
        "motorcycle": "yes",
        "name": "Jalan Mr. Koesbiyono Tjondrobirowo",
        "oneway": "no",
        "smoothness": "intermediate",
        "source": "HOT_InAWARESurvey_2018",
        "surface": "asphalt",
        "width": "4"
      },
      "geometry": {
        "type": "LineString",
        "coordinates": [
          [
            110.3871693,
            -7.0828284
          ],
          [
            110.3871737,
            -7.0829649
          ],
          [
            110.3871816,
            -7.0831433
          ],
          [
            110.387192,
            -7.0833424
          ],
          [
            110.3871957,
            -7.083414
          ],
          [
            110.3872025,
            -7.0835125
          ],
          [
            110.3872079,
            -7.0836243
          ],
          [
            110.3872195,
            -7.0838069
          ],
          [
            110.387228,
            -7.0838951
          ],
          [
            110.3872327,
            -7.0839917
          ],
          [
            110.387253,
            -7.0843203
          ],
          [
            110.3872581,
            -7.0843743
          ],
          [
            110.3872687,
            -7.0845735
          ],
          [
            110.3872716,
            -7.0846278
          ],
          [
            110.3872763,
            -7.084707
          ],
          [
            110.3872803,
            -7.0847988
          ],
          [
            110.3872782,
            -7.0848541
          ],
          [
            110.3872675,
            -7.0849266
          ],
          [
            110.38723,
            -7.0852286
          ],
          [
            110.3872159,
            -7.0853298
          ],
          [
            110.387207,
            -7.0854433
          ],
          [
            110.3871971,
            -7.0855694
          ],
          [
            110.3872025,
            -7.0856918
          ],
          [
            110.3872056,
            -7.0857174
          ],
          [
            110.3872176,
            -7.0858163
          ],
          [
            110.3872669,
            -7.0860338
          ],
          [
            110.3873044,
            -7.086147
          ],
          [
            110.3873419,
            -7.0862466
          ],
          [
            110.3873761,
            -7.0863155
          ],
          [
            110.3873976,
            -7.0863621
          ],
          [
            110.3876412,
            -7.0867947
          ],
          [
            110.3876672,
            -7.0868477
          ],
          [
            110.3877001,
            -7.0869115
          ],
          [
            110.3877644,
            -7.0870426
          ],
          [
            110.3878073,
            -7.0871584
          ],
          [
            110.3878659,
            -7.0873178
          ],
          [
            110.3879331,
            -7.0875497
          ],
          [
            110.3880233,
            -7.0877627
          ],
          [
            110.3881218,
            -7.0879736
          ],
          [
            110.3882794,
            -7.0882664
          ],
          [
            110.3883381,
            -7.0883713
          ],
          [
            110.3884143,
            -7.0885109
          ],
          [
            110.3884255,
            -7.0885279
          ],
          [
            110.3884946,
            -7.0886456
          ],
          [
            110.3885121,
            -7.0886816
          ],
          [
            110.3885343,
            -7.0887262
          ],
          [
            110.3885608,
            -7.0887736
          ],
          [
            110.3886378,
            -7.0889112
          ],
          [
            110.388722,
            -7.0890762
          ],
          [
            110.3887803,
            -7.0892601
          ],
          [
            110.3888328,
            -7.0894769
          ],
          [
            110.3888722,
            -7.089735
          ],
          [
            110.3889379,
            -7.0901116
          ],
          [
            110.3889362,
            -7.0902327
          ],
          [
            110.3889487,
            -7.090612
          ],
          [
            110.388962,
            -7.091173
          ],
          [
            110.3890244,
            -7.0918197
          ],
          [
            110.3890954,
            -7.0922709
          ],
          [
            110.389131,
            -7.092716
          ],
          [
            110.3891712,
            -7.0932404
          ],
          [
            110.3892463,
            -7.0939105
          ],
          [
            110.3893308,
            -7.0944075
          ],
          [
            110.389367,
            -7.0945979
          ],
          [
            110.3894694,
            -7.0952142
          ],
          [
            110.3894998,
            -7.095397
          ],
          [
            110.3895595,
            -7.0958648
          ],
          [
            110.3895917,
            -7.0960312
          ],
          [
            110.3896245,
            -7.0962082
          ],
          [
            110.3896473,
            -7.0964976
          ],
          [
            110.3896473,
            -7.0966021
          ],
          [
            110.3896265,
            -7.0969049
          ],
          [
            110.389587,
            -7.0976588
          ],
          [
            110.3895809,
            -7.0977759
          ],
          [
            110.3895843,
            -7.0978231
          ],
          [
            110.389524,
            -7.09844
          ],
          [
            110.3895253,
            -7.0984872
          ],
          [
            110.3895327,
            -7.0985145
          ],
          [
            110.3895669,
            -7.0985691
          ],
          [
            110.389717,
            -7.0987773
          ],
          [
            110.389795,
            -7.0989179
          ],
          [
            110.389946,
            -7.099356
          ],
          [
            110.3899665,
            -7.0994121
          ],
          [
            110.3899732,
            -7.0994674
          ],
          [
            110.3899793,
            -7.0995026
          ],
          [
            110.3899732,
            -7.0995445
          ],
          [
            110.3899638,
            -7.0996417
          ],
          [
            110.3899504,
            -7.0996783
          ],
          [
            110.3898881,
            -7.0998387
          ],
          [
            110.3896581,
            -7.1004429
          ],
          [
            110.3895803,
            -7.100693
          ],
          [
            110.3893845,
            -7.1012746
          ],
          [
            110.3893507,
            -7.1013959
          ],
          [
            110.3893134,
            -7.1015115
          ],
          [
            110.3892396,
            -7.1019853
          ],
          [
            110.3891364,
            -7.1025482
          ],
          [
            110.3889875,
            -7.1031324
          ],
          [
            110.3889285,
            -7.1033081
          ],
          [
            110.3888695,
            -7.1035263
          ],
          [
            110.38884,
            -7.1036235
          ],
          [
            110.3887676,
            -7.1037699
          ],
          [
            110.3887179,
            -7.1038404
          ],
          [
            110.3886308,
            -7.1039482
          ],
          [
            110.3885597,
            -7.1040268
          ],
          [
            110.3881969,
            -7.1043967
          ]
        ]
      },
      "id": "way/344282940"
    },
    {
      "type": "Feature",
      "properties": {
        "@id": "way/410986593",
        "name": "Kali Garang",
        "source": "HOT_InAWARESurvey_2018",
        "waterway": "river",
        "width": "6"
      },
      "geometry": {
        "type": "LineString",
        "coordinates": [
          [
            110.4010493,
            -7.096497
          ],
          [
            110.4012252,
            -7.0963594
          ],
          [
            110.401611,
            -7.0961124
          ],
          [
            110.401965,
            -7.0958676
          ],
          [
            110.401961,
            -7.0955814
          ],
          [
            110.4018315,
            -7.0953852
          ],
          [
            110.4015686,
            -7.0951404
          ],
          [
            110.4012381,
            -7.0948934
          ],
          [
            110.4011674,
            -7.0946671
          ],
          [
            110.4011818,
            -7.0943664
          ],
          [
            110.4013969,
            -7.0938841
          ],
          [
            110.4023089,
            -7.0931495
          ],
          [
            110.4030701,
            -7.0924606
          ],
          [
            110.4033383,
            -7.0916621
          ],
          [
            110.4030594,
            -7.090821
          ],
          [
            110.4027702,
            -7.0903281
          ],
          [
            110.4030486,
            -7.0897137
          ],
          [
            110.403532,
            -7.0886459
          ],
          [
            110.4039713,
            -7.0879783
          ],
          [
            110.4042503,
            -7.0874673
          ],
          [
            110.404025,
            -7.0867752
          ],
          [
            110.4036768,
            -7.0863115
          ],
          [
            110.4032766,
            -7.085974
          ],
          [
            110.4032582,
            -7.085777
          ],
          [
            110.4032823,
            -7.0855667
          ],
          [
            110.4034134,
            -7.0852208
          ],
          [
            110.4039397,
            -7.0847065
          ],
          [
            110.4042293,
            -7.0843552
          ],
          [
            110.4042717,
            -7.0830169
          ],
          [
            110.4041644,
            -7.0822822
          ],
          [
            110.404004,
            -7.0820022
          ],
          [
            110.4037889,
            -7.081867
          ],
          [
            110.4035529,
            -7.0818563
          ],
          [
            110.4032417,
            -7.0819522
          ],
          [
            110.4026302,
            -7.0821012
          ],
          [
            110.4023942,
            -7.0820799
          ],
          [
            110.4023196,
            -7.081949
          ],
          [
            110.402266,
            -7.0817254
          ],
          [
            110.4023043,
            -7.0814558
          ],
          [
            110.4023003,
            -7.0808369
          ],
          [
            110.4022319,
            -7.0803139
          ],
          [
            110.4022752,
            -7.0800609
          ],
          [
            110.4023834,
            -7.0797908
          ],
          [
            110.4027273,
            -7.0794363
          ],
          [
            110.4031135,
            -7.0790743
          ],
          [
            110.403349,
            -7.0787687
          ],
          [
            110.4034805,
            -7.0787128
          ],
          [
            110.4037265,
            -7.0786214
          ],
          [
            110.4040267,
            -7.0786355
          ],
          [
            110.4043217,
            -7.0786834
          ],
          [
            110.4044596,
            -7.0786259
          ],
          [
            110.4044867,
            -7.0785264
          ],
          [
            110.4044612,
            -7.0784391
          ],
          [
            110.4042503,
            -7.0781002
          ],
          [
            110.4040736,
            -7.0779089
          ],
          [
            110.4040304,
            -7.0776589
          ],
          [
            110.4039046,
            -7.0771933
          ],
          [
            110.403741,
            -7.0771396
          ],
          [
            110.4033393,
            -7.0770999
          ],
          [
            110.4030785,
            -7.077282
          ],
          [
            110.4028317,
            -7.0775575
          ],
          [
            110.402711,
            -7.0776427
          ],
          [
            110.4025961,
            -7.0776513
          ],
          [
            110.4022939,
            -7.0775815
          ],
          [
            110.4021089,
            -7.0774737
          ],
          [
            110.4019909,
            -7.0773421
          ],
          [
            110.4019922,
            -7.0771489
          ],
          [
            110.4020669,
            -7.0768157
          ],
          [
            110.4024277,
            -7.0764338
          ],
          [
            110.4038068,
            -7.0761025
          ],
          [
            110.4039207,
            -7.0759924
          ],
          [
            110.4039636,
            -7.0758699
          ],
          [
            110.4039341,
            -7.0757182
          ],
          [
            110.4038894,
            -7.0755478
          ],
          [
            110.403227,
            -7.075065
          ],
          [
            110.4030114,
            -7.0748425
          ],
          [
            110.4029358,
            -7.0746222
          ],
          [
            110.4031563,
            -7.0742596
          ],
          [
            110.4034112,
            -7.0740654
          ],
          [
            110.4035908,
            -7.073996
          ],
          [
            110.4037571,
            -7.0740014
          ],
          [
            110.4038912,
            -7.0740067
          ],
          [
            110.4039942,
            -7.074076
          ],
          [
            110.4040924,
            -7.0742862
          ],
          [
            110.4042855,
            -7.0745124
          ],
          [
            110.4046839,
            -7.0746805
          ],
          [
            110.4049829,
            -7.0747067
          ],
          [
            110.4053466,
            -7.0746565
          ],
          [
            110.4057736,
            -7.074481
          ],
          [
            110.4060306,
            -7.0742164
          ],
          [
            110.4060799,
            -7.074004
          ],
          [
            110.4060341,
            -7.0738105
          ],
          [
            110.4058787,
            -7.0735941
          ],
          [
            110.4056572,
            -7.0733705
          ],
          [
            110.4045776,
            -7.0729119
          ],
          [
            110.4043915,
            -7.0726795
          ],
          [
            110.404374,
            -7.0725028
          ],
          [
            110.4044437,
            -7.0722636
          ],
          [
            110.4046449,
            -7.0719119
          ],
          [
            110.4048943,
            -7.071462
          ],
          [
            110.4051485,
            -7.0708753
          ],
          [
            110.4047225,
            -7.0701826
          ],
          [
            110.4047502,
            -7.0699665
          ],
          [
            110.4048943,
            -7.0695934
          ],
          [
            110.405093,
            -7.0690718
          ],
          [
            110.4050615,
            -7.0684851
          ],
          [
            110.405227,
            -7.0680861
          ],
          [
            110.405938,
            -7.067307
          ],
          [
            110.4060718,
            -7.0672004
          ],
          [
            110.4061443,
            -7.0671259
          ],
          [
            110.4061335,
            -7.0669875
          ],
          [
            110.4060611,
            -7.066897
          ],
          [
            110.4058734,
            -7.0666175
          ],
          [
            110.4057061,
            -7.0662707
          ],
          [
            110.4056578,
            -7.0660568
          ],
          [
            110.4058117,
            -7.0655607
          ],
          [
            110.4060638,
            -7.0648261
          ],
          [
            110.4063244,
            -7.0636569
          ],
          [
            110.4061899,
            -7.0632849
          ],
          [
            110.4061362,
            -7.0629042
          ],
          [
            110.4058734,
            -7.0623985
          ],
          [
            110.4054613,
            -7.061564
          ],
          [
            110.4051867,
            -7.0613284
          ],
          [
            110.404959,
            -7.0609831
          ],
          [
            110.4049695,
            -7.0607588
          ],
          [
            110.4050221,
            -7.0605294
          ],
          [
            110.4051867,
            -7.0603621
          ],
          [
            110.4055274,
            -7.0601971
          ],
          [
            110.4057315,
            -7.0599896
          ],
          [
            110.4060779,
            -7.0590484
          ],
          [
            110.4062059,
            -7.0587251
          ],
          [
            110.4064018,
            -7.0584829
          ],
          [
            110.4064667,
            -7.0582262
          ],
          [
            110.4065895,
            -7.0566195
          ],
          [
            110.4065828,
            -7.055867
          ],
          [
            110.4064149,
            -7.0554033
          ],
          [
            110.4063825,
            -7.0551803
          ],
          [
            110.4062517,
            -7.054279
          ],
          [
            110.4057212,
            -7.0536708
          ],
          [
            110.405629,
            -7.0533167
          ],
          [
            110.4057044,
            -7.0530978
          ],
          [
            110.4058251,
            -7.0529834
          ],
          [
            110.406004,
            -7.0529207
          ],
          [
            110.4062784,
            -7.0528982
          ],
          [
            110.4065466,
            -7.0528689
          ],
          [
            110.4067805,
            -7.0527971
          ],
          [
            110.4069355,
            -7.0526533
          ],
          [
            110.4070073,
            -7.0525079
          ],
          [
            110.4069972,
            -7.0523924
          ],
          [
            110.4069328,
            -7.0523046
          ],
          [
            110.4067719,
            -7.0521928
          ],
          [
            110.4065571,
            -7.0519186
          ],
          [
            110.4064211,
            -7.0514181
          ],
          [
            110.4062006,
            -7.0510162
          ],
          [
            110.4059265,
            -7.0506986
          ],
          [
            110.4057867,
            -7.0504144
          ],
          [
            110.4057607,
            -7.0502523
          ],
          [
            110.4058787,
            -7.0500286
          ],
          [
            110.4060155,
            -7.0497891
          ],
          [
            110.406096,
            -7.0494031
          ],
          [
            110.406165,
            -7.0486073
          ],
          [
            110.4062086,
            -7.0481866
          ],
          [
            110.406165,
            -7.0478798
          ],
          [
            110.4061255,
            -7.0476861
          ],
          [
            110.4060075,
            -7.0474892
          ],
          [
            110.4057956,
            -7.047231
          ],
          [
            110.405412,
            -7.0469062
          ],
          [
            110.4050412,
            -7.0464557
          ],
          [
            110.4049706,
            -7.0461267
          ],
          [
            110.4051881,
            -7.0456581
          ],
          [
            110.405294,
            -7.0454075
          ],
          [
            110.4052815,
            -7.0451403
          ],
          [
            110.4051599,
            -7.0446542
          ],
          [
            110.4050526,
            -7.0441245
          ],
          [
            110.4048747,
            -7.0433976
          ],
          [
            110.4048756,
            -7.0429452
          ],
          [
            110.4048667,
            -7.0427054
          ],
          [
            110.4049104,
            -7.0423809
          ],
          [
            110.4050732,
            -7.0419604
          ],
          [
            110.405201,
            -7.0417492
          ],
          [
            110.4053466,
            -7.041702
          ]
        ]
      },
      "id": "way/410986593"
    },
    {
      "type": "Feature",
      "properties": {
        "@id": "way/500023970",
        "highway": "residential",
        "lanes": "1",
        "motorcycle": "yes",
        "name": "Jalan Watusari",
        "oneway": "no",
        "smoothness": "intermediate",
        "source": "HOT_InAWARESurvey_2018",
        "surface": "asphalt",
        "width": "2.5"
      },
      "geometry": {
        "type": "LineString",
        "coordinates": [
          [
            110.3971159,
            -7.0789762
          ],
          [
            110.3968745,
            -7.0791665
          ],
          [
            110.3967297,
            -7.0792278
          ],
          [
            110.3965299,
            -7.0792358
          ],
          [
            110.3963193,
            -7.0792131
          ],
          [
            110.3958607,
            -7.0791812
          ],
          [
            110.3954748,
            -7.0791756
          ],
          [
            110.3949058,
            -7.0791838
          ],
          [
            110.3945839,
            -7.0791665
          ],
          [
            110.3942862,
            -7.079092
          ],
          [
            110.3936599,
            -7.0789536
          ],
          [
            110.3934601,
            -7.0789283
          ],
          [
            110.3925717,
            -7.0788593
          ],
          [
            110.3924977,
            -7.0788504
          ],
          [
            110.3921378,
            -7.0788072
          ],
          [
            110.3918937,
            -7.0787912
          ],
          [
            110.3918079,
            -7.0787952
          ],
          [
            110.3917019,
            -7.0788245
          ],
          [
            110.3915829,
            -7.0788601
          ]
        ]
      },
      "id": "way/500023970"
    },
    {
      "type": "Feature",
      "properties": {
        "@id": "way/500024378",
        "highway": "residential",
        "lanes": "1",
        "motorcycle": "yes",
        "name": "Jalan Watusari",
        "oneway": "no",
        "smoothness": "intermediate",
        "source": "HOT_InAWARESurvey_2018",
        "surface": "paving_stones",
        "width": "2"
      },
      "geometry": {
        "type": "LineString",
        "coordinates": [
          [
            110.3954748,
            -7.0791756
          ],
          [
            110.3954104,
            -7.0796243
          ],
          [
            110.3952236,
            -7.0801101
          ]
        ]
      },
      "id": "way/500024378"
    },
    {
      "type": "Feature",
      "properties": {
        "@id": "way/500024379",
        "highway": "living_street",
        "lanes": "1",
        "motorcycle": "yes",
        "name": "Jalan Watusari",
        "oneway": "no",
        "smoothness": "intermediate",
        "source": "HOT_InAWARESurvey_2018",
        "surface": "asphalt",
        "width": "2"
      },
      "geometry": {
        "type": "LineString",
        "coordinates": [
          [
            110.3971159,
            -7.0789762
          ],
          [
            110.3970167,
            -7.0788045
          ],
          [
            110.3969389,
            -7.0787753
          ],
          [
            110.396822,
            -7.0787505
          ],
          [
            110.395516,
            -7.078746
          ],
          [
            110.3949987,
            -7.0786827
          ],
          [
            110.3946175,
            -7.0785503
          ],
          [
            110.3944807,
            -7.0784958
          ],
          [
            110.3943908,
            -7.0784825
          ],
          [
            110.394242,
            -7.0784665
          ],
          [
            110.394077,
            -7.0784785
          ],
          [
            110.3940099,
            -7.0784896
          ],
          [
            110.3939483,
            -7.0784998
          ],
          [
            110.3937293,
            -7.0785284
          ],
          [
            110.3935433,
            -7.0785036
          ],
          [
            110.3934282,
            -7.0784709
          ],
          [
            110.3926125,
            -7.0782815
          ]
        ]
      },
      "id": "way/500024379"
    },
    {
      "type": "Feature",
      "properties": {
        "@id": "way/500024381",
        "highway": "residential",
        "lanes": "1",
        "motorcycle": "yes",
        "name": "Jalan Watusari",
        "oneway": "no",
        "smoothness": "intermediate",
        "source": "HOT_InAWARESurvey_2018",
        "surface": "paving_stones",
        "width": "2"
      },
      "geometry": {
        "type": "LineString",
        "coordinates": [
          [
            110.3936599,
            -7.0789536
          ],
          [
            110.393617,
            -7.0798879
          ],
          [
            110.3935084,
            -7.0799484
          ],
          [
            110.3934718,
            -7.079986
          ],
          [
            110.3934541,
            -7.080023
          ],
          [
            110.3934132,
            -7.0801913
          ],
          [
            110.3934192,
            -7.0802519
          ],
          [
            110.3934192,
            -7.080363
          ],
          [
            110.3934105,
            -7.0804003
          ],
          [
            110.3933776,
            -7.0804335
          ],
          [
            110.3932831,
            -7.0805147
          ],
          [
            110.3932039,
            -7.0805879
          ],
          [
            110.3931488,
            -7.0806575
          ],
          [
            110.3929116,
            -7.0811496
          ]
        ]
      },
      "id": "way/500024381"
    },
    {
      "type": "Feature",
      "properties": {
        "@id": "way/500024382",
        "highway": "residential",
        "lanes": "1",
        "motorcycle": "yes",
        "name": "Jalan Watusari",
        "oneway": "no",
        "smoothness": "intermediate",
        "source": "HOT_InAWARESurvey_2018",
        "surface": "asphalt",
        "width": "2"
      },
      "geometry": {
        "type": "LineString",
        "coordinates": [
          [
            110.3945839,
            -7.0791665
          ],
          [
            110.3944834,
            -7.0800589
          ]
        ]
      },
      "id": "way/500024382"
    },
    {
      "type": "Feature",
      "properties": {
        "@id": "way/500024383",
        "highway": "living_street",
        "lanes": "1",
        "motorcycle": "yes",
        "name": "Jalan Watusari",
        "oneway": "no",
        "smoothness": "intermediate",
        "source": "HOT_InAWARESurvey_2018",
        "surface": "asphalt",
        "width": "2"
      },
      "geometry": {
        "type": "LineString",
        "coordinates": [
          [
            110.398514,
            -7.0809865
          ],
          [
            110.3979971,
            -7.0808022
          ],
          [
            110.3971025,
            -7.0805959
          ],
          [
            110.3968893,
            -7.0805254
          ],
          [
            110.3967458,
            -7.0804841
          ],
          [
            110.3965983,
            -7.0804402
          ],
          [
            110.3965308,
            -7.0804252
          ],
          [
            110.3964306,
            -7.0804029
          ],
          [
            110.3962362,
            -7.0803643
          ],
          [
            110.3962166,
            -7.0803592
          ],
          [
            110.3954141,
            -7.0801514
          ]
        ]
      },
      "id": "way/500024383"
    },
    {
      "type": "Feature",
      "properties": {
        "@id": "way/563106383",
        "highway": "residential",
        "lanes": "1",
        "motorcycle": "yes",
        "name": "Gang Langkir",
        "oneway": "no",
        "smoothness": "intermediate",
        "source": "HOT_InAWARESurvey_2018",
        "surface": "asphalt",
        "width": "2.5"
      },
      "geometry": {
        "type": "LineString",
        "coordinates": [
          [
            110.3877644,
            -7.0870426
          ],
          [
            110.3879032,
            -7.087038
          ],
          [
            110.3881252,
            -7.087046
          ],
          [
            110.3882258,
            -7.0870472
          ],
          [
            110.3886623,
            -7.0870859
          ],
          [
            110.3886926,
            -7.0870879
          ],
          [
            110.3887688,
            -7.0870916
          ],
          [
            110.3890036,
            -7.0871305
          ],
          [
            110.3893228,
            -7.0871544
          ]
        ]
      },
      "id": "way/563106383"
    },
    {
      "type": "Feature",
      "properties": {
        "@id": "way/563107712",
        "highway": "residential",
        "lanes": "1",
        "motorcycle": "yes",
        "name": "Jalan Jambu Sari Raya",
        "oneway": "no",
        "smoothness": "bad",
        "source": "HOT_InAWARESurvey_2018",
        "surface": "paving_stones",
        "width": "4"
      },
      "geometry": {
        "type": "LineString",
        "coordinates": [
          [
            110.3874399,
            -7.0814985
          ],
          [
            110.3871328,
            -7.081425
          ],
          [
            110.3867841,
            -7.0813612
          ],
          [
            110.3864756,
            -7.0812946
          ],
          [
            110.3863112,
            -7.0812544
          ],
          [
            110.386249,
            -7.0812334
          ],
          [
            110.3860947,
            -7.0812015
          ],
          [
            110.3857769,
            -7.0811715
          ],
          [
            110.385626,
            -7.0811558
          ],
          [
            110.3856093,
            -7.0811548
          ],
          [
            110.3852391,
            -7.0811429
          ],
          [
            110.385161,
            -7.0811442
          ]
        ]
      },
      "id": "way/563107712"
    },
    {
      "type": "Feature",
      "properties": {
        "@id": "way/569264451",
        "highway": "residential",
        "lanes": "1",
        "motorcycle": "yes",
        "name": "Gang Doman I",
        "oneway": "no",
        "smoothness": "intermediate",
        "source": "HOT_InAWARESurvey_2018",
        "surface": "asphalt",
        "width": "2"
      },
      "geometry": {
        "type": "LineString",
        "coordinates": [
          [
            110.3971286,
            -7.0878605
          ],
          [
            110.3977194,
            -7.0878851
          ],
          [
            110.3979798,
            -7.0878719
          ],
          [
            110.3980521,
            -7.0878784
          ]
        ]
      },
      "id": "way/569264451"
    },
    {
      "type": "Feature",
      "properties": {
        "@id": "way/569264452",
        "highway": "residential",
        "lanes": "1",
        "motorcycle": "yes",
        "name": "Jalan Doman II",
        "oneway": "no",
        "smoothness": "intermediate",
        "source": "HOT_InAWARESurvey_2018",
        "surface": "asphalt",
        "width": "2"
      },
      "geometry": {
        "type": "LineString",
        "coordinates": [
          [
            110.397825,
            -7.0885658
          ],
          [
            110.3979199,
            -7.0891954
          ],
          [
            110.3979521,
            -7.0894442
          ],
          [
            110.3979666,
            -7.0896558
          ]
        ]
      },
      "id": "way/569264452"
    },
    {
      "type": "Feature",
      "properties": {
        "@id": "way/569264453",
        "highway": "residential",
        "lanes": "1",
        "motorcycle": "yes",
        "name": "Jalan Doman II",
        "oneway": "no",
        "smoothness": "intermediate",
        "source": "HOT_InAWARESurvey_2018",
        "surface": "asphalt",
        "width": "2"
      },
      "geometry": {
        "type": "LineString",
        "coordinates": [
          [
            110.3970685,
            -7.0885429
          ],
          [
            110.397825,
            -7.0885658
          ],
          [
            110.3979045,
            -7.0885705
          ],
          [
            110.3979407,
            -7.0885691
          ],
          [
            110.3979588,
            -7.0885485
          ],
          [
            110.3979642,
            -7.0885165
          ],
          [
            110.3979796,
            -7.0882418
          ],
          [
            110.3979798,
            -7.0878719
          ]
        ]
      },
      "id": "way/569264453"
    },
    {
      "type": "Feature",
      "properties": {
        "@id": "way/569264454",
        "highway": "residential",
        "lanes": "1",
        "motorcycle": "yes",
        "name": "Jalan Dukuh",
        "oneway": "no",
        "smoothness": "intermediate",
        "source": "HOT_InAWARESurvey_2018",
        "surface": "asphalt",
        "width": "2"
      },
      "geometry": {
        "type": "LineString",
        "coordinates": [
          [
            110.3966702,
            -7.0857482
          ],
          [
            110.3966787,
            -7.0859873
          ],
          [
            110.3967193,
            -7.0862203
          ],
          [
            110.3968212,
            -7.0866036
          ],
          [
            110.3968817,
            -7.0868164
          ],
          [
            110.3970361,
            -7.0873521
          ],
          [
            110.3970924,
            -7.0876209
          ],
          [
            110.3971286,
            -7.0878605
          ],
          [
            110.3971072,
            -7.0882105
          ],
          [
            110.3970685,
            -7.0885429
          ],
          [
            110.3970643,
            -7.0885791
          ],
          [
            110.39702,
            -7.0888839
          ],
          [
            110.3970127,
            -7.0890469
          ],
          [
            110.39702,
            -7.0892086
          ],
          [
            110.3970409,
            -7.089481
          ],
          [
            110.3971172,
            -7.0898974
          ],
          [
            110.3972393,
            -7.0903099
          ],
          [
            110.3974028,
            -7.0907137
          ]
        ]
      },
      "id": "way/569264454"
    },
    {
      "type": "Feature",
      "properties": {
        "@id": "way/569264455",
        "highway": "residential",
        "lanes": "1",
        "motorcycle": "yes",
        "name": "Gang Durian 10",
        "oneway": "no",
        "smoothness": "intermediate",
        "source": "HOT_InAWARESurvey_2018",
        "surface": "asphalt",
        "width": "2"
      },
      "geometry": {
        "type": "LineString",
        "coordinates": [
          [
            110.3979666,
            -7.0896558
          ],
          [
            110.3979648,
            -7.0901835
          ],
          [
            110.3979621,
            -7.0902207
          ],
          [
            110.3979611,
            -7.0906018
          ]
        ]
      },
      "id": "way/569264455"
    },
    {
      "type": "Feature",
      "properties": {
        "@id": "way/569264456",
        "highway": "residential",
        "lanes": "1",
        "motorcycle": "yes",
        "name": "Jalan Doman III",
        "oneway": "no",
        "smoothness": "intermediate",
        "source": "HOT_InAWARESurvey_2018",
        "surface": "asphalt",
        "width": "2"
      },
      "geometry": {
        "type": "LineString",
        "coordinates": [
          [
            110.3986062,
            -7.0905504
          ],
          [
            110.3987014,
            -7.0901278
          ],
          [
            110.3987152,
            -7.0901056
          ],
          [
            110.398744,
            -7.0900923
          ],
          [
            110.3987836,
            -7.0900929
          ],
          [
            110.3988772,
            -7.0901252
          ],
          [
            110.3989026,
            -7.0901222
          ],
          [
            110.3989181,
            -7.0901103
          ],
          [
            110.3989264,
            -7.0900906
          ],
          [
            110.3989251,
            -7.0900264
          ],
          [
            110.3988678,
            -7.089799
          ],
          [
            110.398846,
            -7.0897696
          ],
          [
            110.3988111,
            -7.0897589
          ],
          [
            110.3987078,
            -7.0897496
          ],
          [
            110.3980265,
            -7.0896671
          ],
          [
            110.3979666,
            -7.0896558
          ],
          [
            110.3971119,
            -7.0894941
          ],
          [
            110.3970409,
            -7.089481
          ]
        ]
      },
      "id": "way/569264456"
    },
    {
      "type": "Feature",
      "properties": {
        "@id": "way/569491442",
        "highway": "living_street",
        "lanes": "1",
        "motorcycle": "yes",
        "oneway": "no",
        "smoothness": "intermediate",
        "source": "HOT_InAWARESurvey_2018",
        "surface": "paving_stones",
        "width": "2"
      },
      "geometry": {
        "type": "LineString",
        "coordinates": [
          [
            110.3924817,
            -7.083383
          ],
          [
            110.39241,
            -7.0835824
          ],
          [
            110.3923858,
            -7.0837554
          ],
          [
            110.3923966,
            -7.0839018
          ],
          [
            110.3924207,
            -7.0839763
          ],
          [
            110.392473,
            -7.0840462
          ],
          [
            110.3925448,
            -7.0840928
          ],
          [
            110.3927117,
            -7.0841633
          ],
          [
            110.3927765,
            -7.0841913
          ],
          [
            110.3928459,
            -7.0842372
          ],
          [
            110.3929532,
            -7.0842798
          ],
          [
            110.3931475,
            -7.0842891
          ],
          [
            110.3932735,
            -7.0843086
          ]
        ]
      },
      "id": "way/569491442"
    },
    {
      "type": "Feature",
      "properties": {
        "@id": "way/569491443",
        "highway": "residential",
        "lanes": "1",
        "motorcycle": "yes",
        "name": "Jalan Pakintelan III",
        "oneway": "no",
        "smoothness": "intermediate",
        "source": "HOT_InAWARESurvey_2018",
        "surface": "asphalt",
        "width": "2.5"
      },
      "geometry": {
        "type": "LineString",
        "coordinates": [
          [
            110.3904868,
            -7.0831383
          ],
          [
            110.3904575,
            -7.0831405
          ],
          [
            110.390289,
            -7.0831532
          ],
          [
            110.3899752,
            -7.0831506
          ],
          [
            110.3899073,
            -7.0831481
          ],
          [
            110.3895407,
            -7.0831346
          ],
          [
            110.3892262,
            -7.0830994
          ],
          [
            110.3888249,
            -7.0830629
          ],
          [
            110.3888128,
            -7.0830609
          ],
          [
            110.3886609,
            -7.0830361
          ],
          [
            110.388642,
            -7.0830339
          ],
          [
            110.3886222,
            -7.0830316
          ],
          [
            110.3884247,
            -7.0830086
          ],
          [
            110.3881858,
            -7.0829808
          ],
          [
            110.3881415,
            -7.0829768
          ],
          [
            110.3879743,
            -7.0829562
          ],
          [
            110.3879394,
            -7.0829512
          ],
          [
            110.3877697,
            -7.0829271
          ],
          [
            110.3876606,
            -7.0829116
          ],
          [
            110.3876355,
            -7.082908
          ],
          [
            110.3874325,
            -7.0828791
          ],
          [
            110.3871693,
            -7.0828284
          ]
        ]
      },
      "id": "way/569491443"
    },
    {
      "type": "Feature",
      "properties": {
        "@id": "way/569491444",
        "highway": "residential",
        "lanes": "1",
        "motorcycle": "yes",
        "name": "Jalan Pakintelan III",
        "oneway": "no",
        "smoothness": "intermediate",
        "source": "HOT_InAWARESurvey_2018",
        "surface": "asphalt",
        "width": "2.5"
      },
      "geometry": {
        "type": "LineString",
        "coordinates": [
          [
            110.3931999,
            -7.0836443
          ],
          [
            110.3932735,
            -7.0843086
          ],
          [
            110.393342,
            -7.0849412
          ],
          [
            110.3933474,
            -7.0851328
          ],
          [
            110.393296,
            -7.0855654
          ]
        ]
      },
      "id": "way/569491444"
    },
    {
      "type": "Feature",
      "properties": {
        "@id": "way/569492412",
        "highway": "residential",
        "lanes": "1",
        "motorcycle": "yes",
        "oneway": "no",
        "smoothness": "intermediate",
        "source": "HOT_InAWARESurvey_2018",
        "surface": "paving_stones",
        "width": "2"
      },
      "geometry": {
        "type": "LineString",
        "coordinates": [
          [
            110.3957681,
            -7.0867325
          ],
          [
            110.3956541,
            -7.0867332
          ],
          [
            110.3951799,
            -7.0867387
          ]
        ]
      },
      "id": "way/569492412"
    },
    {
      "type": "Feature",
      "properties": {
        "@id": "way/569492413",
        "highway": "residential",
        "lanes": "1",
        "motorcycle": "yes",
        "oneway": "no",
        "smoothness": "intermediate",
        "source": "HOT_InAWARESurvey_2018",
        "surface": "paving_stones",
        "width": "2"
      },
      "geometry": {
        "type": "LineString",
        "coordinates": [
          [
            110.3957755,
            -7.0864618
          ],
          [
            110.3951533,
            -7.0864817
          ]
        ]
      },
      "id": "way/569492413"
    },
    {
      "type": "Feature",
      "properties": {
        "@id": "way/569492414",
        "highway": "residential",
        "lanes": "1",
        "motorcycle": "yes",
        "oneway": "no",
        "smoothness": "bad",
        "source": "HOT_InAWARESurvey_2018",
        "surface": "ground",
        "width": "2"
      },
      "geometry": {
        "type": "LineString",
        "coordinates": [
          [
            110.3957556,
            -7.0853828
          ],
          [
            110.3957594,
            -7.0855554
          ],
          [
            110.3957661,
            -7.0857591
          ],
          [
            110.3958023,
            -7.0861996
          ]
        ]
      },
      "id": "way/569492414"
    },
    {
      "type": "Feature",
      "properties": {
        "@id": "way/569492415",
        "highway": "residential",
        "lanes": "1",
        "motorcycle": "yes",
        "name": "Jalan Winongsari Timur IV",
        "oneway": "no",
        "smoothness": "intermediate",
        "source": "HOT_InAWARESurvey_2018",
        "surface": "concrete",
        "width": "2"
      },
      "geometry": {
        "type": "LineString",
        "coordinates": [
          [
            110.3958023,
            -7.0861996
          ],
          [
            110.3951118,
            -7.0862337
          ]
        ]
      },
      "id": "way/569492415"
    },
    {
      "type": "Feature",
      "properties": {
        "@id": "way/569492416",
        "highway": "residential",
        "lanes": "1",
        "motorcycle": "yes",
        "name": "Jalan Winong Sari Raya",
        "oneway": "no",
        "smoothness": "intermediate",
        "source": "HOT_InAWARESurvey_2018",
        "surface": "asphalt",
        "width": "2"
      },
      "geometry": {
        "type": "LineString",
        "coordinates": [
          [
            110.3949782,
            -7.0893929
          ],
          [
            110.3951526,
            -7.0891095
          ],
          [
            110.3952058,
            -7.0889365
          ],
          [
            110.3952343,
            -7.0887275
          ],
          [
            110.3952732,
            -7.0882258
          ],
          [
            110.395268,
            -7.0876065
          ],
          [
            110.3952664,
            -7.0874133
          ],
          [
            110.3952586,
            -7.0873368
          ],
          [
            110.3952531,
            -7.0872835
          ],
          [
            110.3952022,
            -7.0869708
          ],
          [
            110.3951799,
            -7.0867387
          ],
          [
            110.3951579,
            -7.086509
          ],
          [
            110.3951533,
            -7.0864817
          ],
          [
            110.3951118,
            -7.0862337
          ],
          [
            110.3950708,
            -7.0861376
          ],
          [
            110.3949782,
            -7.0858742
          ],
          [
            110.3948421,
            -7.0854915
          ]
        ]
      },
      "id": "way/569492416"
    },
    {
      "type": "Feature",
      "properties": {
        "@id": "way/569492417",
        "highway": "residential",
        "lanes": "1",
        "motorcycle": "yes",
        "name": "Jalan Pakintelan II",
        "oneway": "no",
        "smoothness": "intermediate",
        "source": "HOT_InAWARESurvey_2018",
        "surface": "asphalt",
        "width": "2.5"
      },
      "geometry": {
        "type": "LineString",
        "coordinates": [
          [
            110.3872782,
            -7.0848541
          ],
          [
            110.3877148,
            -7.0849312
          ],
          [
            110.3879133,
            -7.0849742
          ],
          [
            110.3879669,
            -7.0849838
          ],
          [
            110.3880777,
            -7.0850137
          ],
          [
            110.388164,
            -7.0850397
          ],
          [
            110.3883626,
            -7.0851149
          ],
          [
            110.3885181,
            -7.08523
          ],
          [
            110.3885549,
            -7.0852636
          ],
          [
            110.388579,
            -7.0852799
          ],
          [
            110.3887689,
            -7.0854143
          ],
          [
            110.3889835,
            -7.0855455
          ],
          [
            110.3891498,
            -7.0856362
          ],
          [
            110.389286,
            -7.0856798
          ],
          [
            110.389479,
            -7.0857305
          ],
          [
            110.3895442,
            -7.0857435
          ],
          [
            110.3896252,
            -7.0857637
          ],
          [
            110.3897446,
            -7.085767
          ],
          [
            110.3898981,
            -7.0857271
          ],
          [
            110.3900946,
            -7.0856466
          ],
          [
            110.3901985,
            -7.0856046
          ],
          [
            110.3902562,
            -7.0855833
          ],
          [
            110.3903146,
            -7.0855712
          ],
          [
            110.3903359,
            -7.0855687
          ],
          [
            110.3905291,
            -7.0855474
          ]
        ]
      },
      "id": "way/569492417"
    },
    {
      "type": "Feature",
      "properties": {
        "@id": "way/569584346",
        "highway": "residential",
        "lanes": "1",
        "motorcycle": "yes",
        "oneway": "no",
        "smoothness": "intermediate",
        "source": "HOT_InAWARESurvey_2018",
        "surface": "paving_stones",
        "width": "2"
      },
      "geometry": {
        "type": "LineString",
        "coordinates": [
          [
            110.3900792,
            -7.0938765
          ],
          [
            110.3900845,
            -7.094186
          ],
          [
            110.3900861,
            -7.0942498
          ]
        ]
      },
      "id": "way/569584346"
    },
    {
      "type": "Feature",
      "properties": {
        "@id": "way/569584350",
        "highway": "residential",
        "lanes": "1",
        "motorcycle": "yes",
        "name": "Jalan Raya Pakintelan",
        "oneway": "no",
        "smoothness": "intermediate",
        "source": "HOT_InAWARESurvey_2018",
        "surface": "asphalt",
        "width": "2.5"
      },
      "geometry": {
        "type": "LineString",
        "coordinates": [
          [
            110.3892463,
            -7.0939105
          ],
          [
            110.3900792,
            -7.0938765
          ],
          [
            110.3910126,
            -7.0938652
          ],
          [
            110.3913643,
            -7.0938566
          ],
          [
            110.3914954,
            -7.09385
          ],
          [
            110.3917421,
            -7.0938486
          ],
          [
            110.3918481,
            -7.0938499
          ],
          [
            110.3920452,
            -7.0938346
          ],
          [
            110.3920786,
            -7.0938271
          ],
          [
            110.3921713,
            -7.0937914
          ],
          [
            110.3923268,
            -7.0937142
          ],
          [
            110.3924596,
            -7.093613
          ],
          [
            110.3927022,
            -7.093453
          ],
          [
            110.3930577,
            -7.0931965
          ],
          [
            110.393279,
            -7.0930328
          ],
          [
            110.3934118,
            -7.0929542
          ],
          [
            110.3937169,
            -7.0927863
          ],
          [
            110.3935184,
            -7.0922822
          ]
        ]
      },
      "id": "way/569584350"
    },
    {
      "type": "Feature",
      "properties": {
        "@id": "way/570117034",
        "highway": "residential",
        "lanes": "1",
        "motorcycle": "yes",
        "name": "Jalan Manggis II",
        "oneway": "no",
        "smoothness": "intermediate",
        "source": "HOT_InAWARESurvey_2018",
        "surface": "asphalt",
        "width": "2"
      },
      "geometry": {
        "type": "LineString",
        "coordinates": [
          [
            110.3927022,
            -7.093453
          ],
          [
            110.3926092,
            -7.0930706
          ],
          [
            110.3925441,
            -7.0927626
          ],
          [
            110.3925427,
            -7.0926954
          ],
          [
            110.3925589,
            -7.0926262
          ]
        ]
      },
      "id": "way/570117034"
    },
    {
      "type": "Feature",
      "properties": {
        "@id": "way/570117036",
        "highway": "residential",
        "lanes": "1",
        "motorcycle": "yes",
        "name": "Jalan Melati",
        "oneway": "no",
        "smoothness": "intermediate",
        "source": "HOT_InAWARESurvey_2018",
        "surface": "paving_stones",
        "width": "2.5"
      },
      "geometry": {
        "type": "LineString",
        "coordinates": [
          [
            110.3955534,
            -7.0935385
          ],
          [
            110.3958228,
            -7.093756
          ],
          [
            110.3954912,
            -7.0939683
          ],
          [
            110.3954737,
            -7.0939877
          ],
          [
            110.3954624,
            -7.0940083
          ],
          [
            110.3954388,
            -7.0943277
          ],
          [
            110.3954181,
            -7.0943753
          ],
          [
            110.395398,
            -7.0944042
          ],
          [
            110.3953685,
            -7.0944315
          ],
          [
            110.3949664,
            -7.0946196
          ]
        ]
      },
      "id": "way/570117036"
    },
    {
      "type": "Feature",
      "properties": {
        "@id": "way/570117039",
        "highway": "residential",
        "lanes": "1",
        "motorcycle": "yes",
        "name": "Gang Cempaka",
        "oneway": "no",
        "smoothness": "intermediate",
        "source": "HOT_InAWARESurvey_2018",
        "surface": "paving_stones",
        "width": "2.5"
      },
      "geometry": {
        "type": "LineString",
        "coordinates": [
          [
            110.393611,
            -7.0936144
          ],
          [
            110.3938483,
            -7.0935558
          ],
          [
            110.3938745,
            -7.0935492
          ],
          [
            110.3938896,
            -7.0935528
          ],
          [
            110.3938993,
            -7.0935618
          ],
          [
            110.3940092,
            -7.0938871
          ]
        ]
      },
      "id": "way/570117039"
    },
    {
      "type": "Feature",
      "properties": {
        "@id": "way/570117040",
        "highway": "residential",
        "lanes": "1",
        "motorcycle": "yes",
        "name": "Gang Cempaka",
        "oneway": "no",
        "smoothness": "intermediate",
        "source": "HOT_InAWARESurvey_2018",
        "surface": "paving_stones",
        "width": "2.5"
      },
      "geometry": {
        "type": "LineString",
        "coordinates": [
          [
            110.3931919,
            -7.0940988
          ],
          [
            110.3934071,
            -7.0940542
          ],
          [
            110.3934165,
            -7.0940442
          ],
          [
            110.3934232,
            -7.0940316
          ],
          [
            110.393436,
            -7.0939947
          ],
          [
            110.3934388,
            -7.0939875
          ],
          [
            110.393444,
            -7.093981
          ],
          [
            110.3935271,
            -7.0939557
          ],
          [
            110.3936954,
            -7.0939158
          ],
          [
            110.3937813,
            -7.0939025
          ],
          [
            110.3940092,
            -7.0938871
          ],
          [
            110.3941038,
            -7.0938726
          ],
          [
            110.394187,
            -7.0938606
          ],
          [
            110.3943787,
            -7.0937907
          ]
        ]
      },
      "id": "way/570117040"
    },
    {
      "type": "Feature",
      "properties": {
        "@id": "way/570117041",
        "highway": "residential",
        "lanes": "1",
        "motorcycle": "yes",
        "name": "Gang Anyelir",
        "oneway": "no",
        "smoothness": "intermediate",
        "source": "HOT_InAWARESurvey_2018",
        "surface": "asphalt",
        "width": "2"
      },
      "geometry": {
        "type": "LineString",
        "coordinates": [
          [
            110.3934851,
            -7.0953516
          ],
          [
            110.3935634,
            -7.0952926
          ],
          [
            110.3935962,
            -7.0952753
          ],
          [
            110.3941127,
            -7.0950654
          ],
          [
            110.3945229,
            -7.0948932
          ],
          [
            110.3947495,
            -7.0947536
          ],
          [
            110.3949664,
            -7.0946196
          ]
        ]
      },
      "id": "way/570117041"
    },
    {
      "type": "Feature",
      "properties": {
        "@id": "way/570117042",
        "highway": "residential",
        "lanes": "1",
        "motorcycle": "yes",
        "name": "Gang Teratai",
        "oneway": "no",
        "smoothness": "intermediate",
        "source": "HOT_InAWARESurvey_2018",
        "surface": "asphalt",
        "width": "2"
      },
      "geometry": {
        "type": "LineString",
        "coordinates": [
          [
            110.3951552,
            -7.0932322
          ],
          [
            110.3949876,
            -7.0933156
          ],
          [
            110.3947962,
            -7.0934035
          ],
          [
            110.3946568,
            -7.0934674
          ],
          [
            110.3942868,
            -7.0936269
          ]
        ]
      },
      "id": "way/570117042"
    },
    {
      "type": "Feature",
      "properties": {
        "@id": "way/570117043",
        "highway": "residential",
        "lanes": "1",
        "motorcycle": "yes",
        "oneway": "no",
        "smoothness": "intermediate",
        "source": "HOT_InAWARESurvey_2018",
        "surface": "asphalt",
        "width": "2"
      },
      "geometry": {
        "type": "LineString",
        "coordinates": [
          [
            110.3942083,
            -7.0919386
          ],
          [
            110.3944307,
            -7.0923644
          ],
          [
            110.3944594,
            -7.0925639
          ],
          [
            110.394887,
            -7.0929576
          ],
          [
            110.395052,
            -7.0931393
          ],
          [
            110.3951552,
            -7.0932322
          ],
          [
            110.3954409,
            -7.0934247
          ],
          [
            110.3955534,
            -7.0935385
          ]
        ]
      },
      "id": "way/570117043"
    },
    {
      "type": "Feature",
      "properties": {
        "@id": "way/570117044",
        "highway": "residential",
        "lanes": "1",
        "motorcycle": "yes",
        "name": "Jalan Raya Pakintelan",
        "oneway": "no",
        "smoothness": "intermediate",
        "source": "HOT_InAWARESurvey_2018",
        "surface": "asphalt",
        "width": "2.5"
      },
      "geometry": {
        "type": "LineString",
        "coordinates": [
          [
            110.3948522,
            -7.0925736
          ],
          [
            110.3944594,
            -7.0925639
          ],
          [
            110.3943493,
            -7.0925856
          ],
          [
            110.3941709,
            -7.0926588
          ],
          [
            110.3939751,
            -7.0927373
          ],
          [
            110.3937169,
            -7.0927863
          ]
        ]
      },
      "id": "way/570117044"
    },
    {
      "type": "Feature",
      "properties": {
        "@id": "way/570117045",
        "highway": "residential",
        "lanes": "1",
        "motorcycle": "yes",
        "name": "Jalan Krajan Raya",
        "oneway": "no",
        "smoothness": "intermediate",
        "source": "HOT_InAWARESurvey_2018",
        "surface": "asphalt",
        "width": "2.5"
      },
      "geometry": {
        "type": "LineString",
        "coordinates": [
          [
            110.3988547,
            -7.0976648
          ],
          [
            110.396837,
            -7.0978544
          ],
          [
            110.3967438,
            -7.0978683
          ],
          [
            110.3966948,
            -7.0978644
          ],
          [
            110.3966506,
            -7.0978411
          ],
          [
            110.3965957,
            -7.0977519
          ],
          [
            110.3962737,
            -7.0972063
          ],
          [
            110.3961852,
            -7.0970146
          ],
          [
            110.3961168,
            -7.0968802
          ],
          [
            110.3959639,
            -7.096477
          ],
          [
            110.395807,
            -7.0961949
          ],
          [
            110.3956823,
            -7.095966
          ],
          [
            110.3954047,
            -7.0955308
          ],
          [
            110.3953564,
            -7.095391
          ],
          [
            110.3952169,
            -7.0950903
          ],
          [
            110.3951351,
            -7.0948827
          ],
          [
            110.3949664,
            -7.0946196
          ],
          [
            110.3945978,
            -7.0940746
          ],
          [
            110.394536,
            -7.0940013
          ],
          [
            110.3943787,
            -7.0937907
          ],
          [
            110.3942868,
            -7.0936269
          ],
          [
            110.3940421,
            -7.0931851
          ],
          [
            110.3939489,
            -7.0930168
          ],
          [
            110.393901,
            -7.0929536
          ],
          [
            110.3937169,
            -7.0927863
          ]
        ]
      },
      "id": "way/570117045"
    },
    {
      "type": "Feature",
      "properties": {
        "@id": "way/570117046",
        "highway": "residential",
        "lanes": "1",
        "motorcycle": "yes",
        "name": "Jalan Manggis Utara Dalam I",
        "oneway": "no",
        "smoothness": "intermediate",
        "source": "HOT_InAWARESurvey_2018",
        "surface": "paving_stones",
        "width": "2"
      },
      "geometry": {
        "type": "LineString",
        "coordinates": [
          [
            110.3934403,
            -7.0903576
          ],
          [
            110.3933102,
            -7.0904899
          ],
          [
            110.39316,
            -7.0906504
          ],
          [
            110.3930635,
            -7.0907268
          ],
          [
            110.3926188,
            -7.0910216
          ],
          [
            110.3925272,
            -7.0910899
          ]
        ]
      },
      "id": "way/570117046"
    },
    {
      "type": "Feature",
      "properties": {
        "@id": "way/570117047",
        "highway": "residential",
        "lanes": "1",
        "motorcycle": "yes",
        "name": "Jalan Manggis Utara Dalam I",
        "oneway": "no",
        "smoothness": "intermediate",
        "source": "HOT_InAWARESurvey_2018",
        "surface": "asphalt",
        "width": "2"
      },
      "geometry": {
        "type": "LineString",
        "coordinates": [
          [
            110.3925272,
            -7.0910899
          ],
          [
            110.3926048,
            -7.0912112
          ],
          [
            110.3927258,
            -7.0914158
          ],
          [
            110.3927372,
            -7.0914364
          ],
          [
            110.392752,
            -7.0914491
          ],
          [
            110.3927689,
            -7.0914516
          ],
          [
            110.3930702,
            -7.0913516
          ],
          [
            110.393096,
            -7.0913531
          ],
          [
            110.3931174,
            -7.0913636
          ],
          [
            110.3931355,
            -7.0913812
          ],
          [
            110.3932261,
            -7.0916055
          ],
          [
            110.3935184,
            -7.0922822
          ]
        ]
      },
      "id": "way/570117047"
    },
    {
      "type": "Feature",
      "properties": {
        "@id": "way/570117048",
        "highway": "residential",
        "lanes": "1",
        "motorcycle": "yes",
        "oneway": "no",
        "smoothness": "intermediate",
        "source": "HOT_InAWARESurvey_2018",
        "surface": "asphalt",
        "width": "2.5"
      },
      "geometry": {
        "type": "LineString",
        "coordinates": [
          [
            110.3977945,
            -7.090622
          ],
          [
            110.3974028,
            -7.0907137
          ],
          [
            110.3962924,
            -7.0910585
          ],
          [
            110.3960149,
            -7.0911343
          ],
          [
            110.3957147,
            -7.0912455
          ],
          [
            110.3956628,
            -7.0912648
          ],
          [
            110.3952689,
            -7.0914431
          ],
          [
            110.3951589,
            -7.0915369
          ],
          [
            110.3950949,
            -7.0915915
          ]
        ]
      },
      "id": "way/570117048"
    },
    {
      "type": "Feature",
      "properties": {
        "@id": "way/570117277",
        "highway": "residential",
        "lanes": "1",
        "motorcycle": "yes",
        "name": "Jalan Dukuh Kalirejo",
        "oneway": "no",
        "smoothness": "intermediate",
        "source": "HOT_InAWARESurvey_2018",
        "surface": "asphalt",
        "width": "2"
      },
      "geometry": {
        "type": "LineString",
        "coordinates": [
          [
            110.3876412,
            -7.0867947
          ],
          [
            110.3872777,
            -7.0867939
          ],
          [
            110.3872509,
            -7.0867939
          ],
          [
            110.3868981,
            -7.0867838
          ],
          [
            110.3864857,
            -7.0867736
          ],
          [
            110.3863428,
            -7.0867492
          ],
          [
            110.3861116,
            -7.0866856
          ],
          [
            110.3858349,
            -7.0865958
          ],
          [
            110.3855141,
            -7.086496
          ],
          [
            110.3852546,
            -7.0863665
          ]
        ]
      },
      "id": "way/570117277"
    },
    {
      "type": "Feature",
      "properties": {
        "@id": "way/570119606",
        "highway": "residential",
        "lanes": "1",
        "motorcycle": "yes",
        "name": "Gang Durian 7",
        "oneway": "no",
        "smoothness": "bad",
        "source": "HOT_InAWARESurvey_2018",
        "surface": "asphalt",
        "width": "2"
      },
      "geometry": {
        "type": "LineString",
        "coordinates": [
          [
            110.3993827,
            -7.0922952
          ],
          [
            110.3988879,
            -7.0922643
          ],
          [
            110.398802,
            -7.0922513
          ],
          [
            110.3987272,
            -7.0922335
          ],
          [
            110.3979805,
            -7.0920736
          ]
        ]
      },
      "id": "way/570119606"
    },
    {
      "type": "Feature",
      "properties": {
        "@id": "way/570119607",
        "highway": "residential",
        "lanes": "1",
        "motorcycle": "yes",
        "name": "Gang Durian 5",
        "oneway": "no",
        "smoothness": "intermediate",
        "source": "HOT_InAWARESurvey_2018",
        "surface": "asphalt",
        "width": "2"
      },
      "geometry": {
        "type": "LineString",
        "coordinates": [
          [
            110.3988879,
            -7.0922643
          ],
          [
            110.3987896,
            -7.0928292
          ],
          [
            110.3986354,
            -7.0935897
          ],
          [
            110.398622,
            -7.0936443
          ],
          [
            110.3986186,
            -7.0936849
          ],
          [
            110.3986464,
            -7.093994
          ],
          [
            110.39834,
            -7.0940665
          ],
          [
            110.3980789,
            -7.0941121
          ],
          [
            110.3980192,
            -7.0941121
          ],
          [
            110.397873,
            -7.0940974
          ]
        ]
      },
      "id": "way/570119607"
    },
    {
      "type": "Feature",
      "properties": {
        "@id": "way/570119627",
        "highway": "residential",
        "lanes": "1",
        "motorcycle": "yes",
        "name": "Gang Durian 6",
        "oneway": "no",
        "smoothness": "intermediate",
        "source": "HOT_InAWARESurvey_2018",
        "surface": "asphalt",
        "width": "2"
      },
      "geometry": {
        "type": "LineString",
        "coordinates": [
          [
            110.3971508,
            -7.0942318
          ],
          [
            110.397873,
            -7.0940974
          ]
        ]
      },
      "id": "way/570119627"
    },
    {
      "type": "Feature",
      "properties": {
        "@id": "way/570119628",
        "highway": "living_street",
        "lanes": "1",
        "motorcycle": "yes",
        "name": "Gang Durian 4",
        "oneway": "no",
        "smoothness": "intermediate",
        "source": "HOT_InAWARESurvey_2018",
        "surface": "paving_stones",
        "width": "1.5"
      },
      "geometry": {
        "type": "LineString",
        "coordinates": [
          [
            110.3986464,
            -7.093994
          ],
          [
            110.398673,
            -7.0940429
          ],
          [
            110.398847,
            -7.0943265
          ],
          [
            110.398847,
            -7.09434
          ],
          [
            110.3988433,
            -7.094361
          ],
          [
            110.398799,
            -7.0944538
          ],
          [
            110.398792,
            -7.0944608
          ],
          [
            110.3987752,
            -7.0944676
          ]
        ]
      },
      "id": "way/570119628"
    },
    {
      "type": "Feature",
      "properties": {
        "@id": "way/570119629",
        "highway": "residential",
        "lanes": "1",
        "motorcycle": "yes",
        "name": "Jalan Durian",
        "oneway": "no",
        "smoothness": "intermediate",
        "source": "HOT_InAWARESurvey_2018",
        "surface": "asphalt",
        "width": "2.5"
      },
      "geometry": {
        "type": "LineString",
        "coordinates": [
          [
            110.3977945,
            -7.090622
          ],
          [
            110.3981767,
            -7.091469
          ],
          [
            110.3979805,
            -7.0920736
          ],
          [
            110.3979233,
            -7.0922769
          ],
          [
            110.3978736,
            -7.0924911
          ],
          [
            110.397808,
            -7.0929769
          ],
          [
            110.3978092,
            -7.0933189
          ],
          [
            110.397873,
            -7.0940974
          ],
          [
            110.3980295,
            -7.0947157
          ],
          [
            110.3981526,
            -7.095055
          ],
          [
            110.3982775,
            -7.0953801
          ],
          [
            110.3983537,
            -7.0955786
          ],
          [
            110.3986193,
            -7.0961776
          ],
          [
            110.398673,
            -7.0963639
          ],
          [
            110.3987293,
            -7.0965608
          ],
          [
            110.3988218,
            -7.0970612
          ],
          [
            110.3988882,
            -7.0975852
          ],
          [
            110.3988825,
            -7.0976085
          ],
          [
            110.3988547,
            -7.0976648
          ]
        ]
      },
      "id": "way/570119629"
    },
    {
      "type": "Feature",
      "properties": {
        "@id": "way/570132333",
        "highway": "residential",
        "lanes": "1",
        "motorcycle": "yes",
        "name": "Jalan Kyai Saleh II",
        "oneway": "no",
        "smoothness": "intermediate",
        "source": "HOT_InAWARESurvey_2018",
        "surface": "paving_stones",
        "width": "2.5"
      },
      "geometry": {
        "type": "LineString",
        "coordinates": [
          [
            110.389692,
            -7.0795143
          ],
          [
            110.3897318,
            -7.0794873
          ],
          [
            110.3897694,
            -7.0794128
          ],
          [
            110.3897868,
            -7.0793289
          ],
          [
            110.3897654,
            -7.0790947
          ],
          [
            110.389694,
            -7.078779
          ]
        ]
      },
      "id": "way/570132333"
    },
    {
      "type": "Feature",
      "properties": {
        "@id": "way/570132334",
        "highway": "residential"
      },
      "geometry": {
        "type": "LineString",
        "coordinates": [
          [
            110.3893208,
            -7.0784578
          ],
          [
            110.3893825,
            -7.0786042
          ],
          [
            110.389427,
            -7.0787578
          ]
        ]
      },
      "id": "way/570132334"
    },
    {
      "type": "Feature",
      "properties": {
        "@id": "way/570189292",
        "highway": "residential",
        "lanes": "1",
        "motorcycle": "yes",
        "name": "Jalan Perumahan Permata Garden",
        "oneway": "no",
        "smoothness": "intermediate",
        "source": "HOT_InAWARESurvey_2018",
        "surface": "paving_stones",
        "width": "4"
      },
      "geometry": {
        "type": "LineString",
        "coordinates": [
          [
            110.3879319,
            -7.0877899
          ],
          [
            110.3878864,
            -7.0878009
          ],
          [
            110.3876786,
            -7.0878515
          ],
          [
            110.387063,
            -7.0880125
          ],
          [
            110.3864434,
            -7.0880085
          ],
          [
            110.3863495,
            -7.0880072
          ]
        ]
      },
      "id": "way/570189292"
    },
    {
      "type": "Feature",
      "properties": {
        "@id": "way/570189293",
        "highway": "residential",
        "lanes": "1",
        "motorcycle": "yes",
        "name": "Jalan Dukuh Mangunsari",
        "oneway": "no",
        "smoothness": "intermediate",
        "source": "HOT_InAWARESurvey_2018",
        "surface": "paving_stones",
        "width": "2"
      },
      "geometry": {
        "type": "LineString",
        "coordinates": [
          [
            110.3889151,
            -7.0863037
          ],
          [
            110.3888534,
            -7.0866983
          ],
          [
            110.3887688,
            -7.0870916
          ]
        ]
      },
      "id": "way/570189293"
    },
    {
      "type": "Feature",
      "properties": {
        "@id": "way/570189299",
        "highway": "residential",
        "lanes": "1",
        "motorcycle": "yes",
        "name": "Jalan Dukuh Mangunsari",
        "oneway": "no",
        "smoothness": "intermediate",
        "source": "HOT_InAWARESurvey_2018",
        "surface": "paving_stones",
        "width": "2"
      },
      "geometry": {
        "type": "LineString",
        "coordinates": [
          [
            110.3873761,
            -7.0863155
          ],
          [
            110.3875981,
            -7.086297
          ],
          [
            110.3876752,
            -7.0863
          ],
          [
            110.3877701,
            -7.0863129
          ],
          [
            110.3878286,
            -7.0863306
          ],
          [
            110.3879294,
            -7.0863519
          ],
          [
            110.388148,
            -7.0863812
          ],
          [
            110.3883317,
            -7.0863855
          ],
          [
            110.3884041,
            -7.0863632
          ],
          [
            110.3884538,
            -7.086311
          ],
          [
            110.3884859,
            -7.0862085
          ],
          [
            110.3884859,
            -7.0861965
          ],
          [
            110.3884819,
            -7.0859836
          ],
          [
            110.3884444,
            -7.0856572
          ],
          [
            110.3884336,
            -7.0855747
          ],
          [
            110.3884497,
            -7.0854908
          ],
          [
            110.3885549,
            -7.0852636
          ]
        ]
      },
      "id": "way/570189299"
    },
    {
      "type": "Feature",
      "properties": {
        "@id": "way/570189300",
        "highway": "residential",
        "lanes": "1",
        "motorcycle": "yes",
        "name": "Jalan Dukuh Mangunsari",
        "oneway": "no",
        "smoothness": "intermediate",
        "source": "HOT_InAWARESurvey_2018",
        "surface": "asphalt",
        "width": "2"
      },
      "geometry": {
        "type": "LineString",
        "coordinates": [
          [
            110.3893255,
            -7.0871211
          ],
          [
            110.3894448,
            -7.0866737
          ],
          [
            110.3895172,
            -7.0863995
          ],
          [
            110.3895649,
            -7.0862168
          ],
          [
            110.3895642,
            -7.0861915
          ],
          [
            110.3895602,
            -7.0861776
          ],
          [
            110.3895488,
            -7.0861676
          ],
          [
            110.3894112,
            -7.0861259
          ],
          [
            110.389178,
            -7.0860655
          ]
        ]
      },
      "id": "way/570189300"
    },
    {
      "type": "Feature",
      "properties": {
        "@id": "way/570189301",
        "highway": "residential",
        "lanes": "1",
        "motorcycle": "yes",
        "oneway": "no",
        "smoothness": "bad",
        "source": "HOT_InAWARESurvey_2018",
        "surface": "paving_stones",
        "width": "2"
      },
      "geometry": {
        "type": "LineString",
        "coordinates": [
          [
            110.3885121,
            -7.0886816
          ],
          [
            110.3881238,
            -7.0887159
          ],
          [
            110.3876692,
            -7.0887571
          ],
          [
            110.387586,
            -7.0887651
          ],
          [
            110.3875083,
            -7.0887658
          ],
          [
            110.3870308,
            -7.0887698
          ],
          [
            110.3864703,
            -7.0888104
          ]
        ]
      },
      "id": "way/570189301"
    },
    {
      "type": "Feature",
      "properties": {
        "@id": "way/570189304",
        "highway": "residential",
        "lanes": "1",
        "motorcycle": "yes",
        "name": "Jalan Dukuh Mangunsari",
        "oneway": "no",
        "smoothness": "intermediate",
        "source": "HOT_InAWARESurvey_2018",
        "surface": "paving_stones",
        "width": "2"
      },
      "geometry": {
        "type": "LineString",
        "coordinates": [
          [
            110.3887689,
            -7.0854143
          ],
          [
            110.3888534,
            -7.0851878
          ],
          [
            110.3889254,
            -7.0849876
          ],
          [
            110.38896,
            -7.0848584
          ],
          [
            110.3890468,
            -7.0843458
          ],
          [
            110.3890881,
            -7.0842103
          ],
          [
            110.3891187,
            -7.0840866
          ],
          [
            110.389189,
            -7.0838019
          ],
          [
            110.3892239,
            -7.0833772
          ],
          [
            110.3892244,
            -7.0833202
          ],
          [
            110.3892262,
            -7.0830994
          ]
        ]
      },
      "id": "way/570189304"
    },
    {
      "type": "Feature",
      "properties": {
        "@id": "way/579137279",
        "highway": "living_street",
        "lanes": "1",
        "motorcar": "no",
        "motorcycle": "yes",
        "oneway": "no",
        "smoothness": "intermediate",
        "source": "HOT_InAWARESurvey_2018",
        "surface": "asphalt",
        "width": "2"
      },
      "geometry": {
        "type": "LineString",
        "coordinates": [
          [
            110.3899451,
            -7.0787816
          ],
          [
            110.3895907,
            -7.0782261
          ],
          [
            110.3894827,
            -7.0777975
          ],
          [
            110.3894619,
            -7.0773803
          ],
          [
            110.3895417,
            -7.0766184
          ]
        ]
      },
      "id": "way/579137279"
    },
    {
      "type": "Feature",
      "properties": {
        "@id": "way/579137315",
        "highway": "living_street",
        "lanes": "1",
        "motorcycle": "yes",
        "name": "Jalan Watusari",
        "oneway": "no",
        "smoothness": "intermediate",
        "source": "HOT_InAWARESurvey_2018",
        "surface": "asphalt",
        "width": "2.5"
      },
      "geometry": {
        "type": "LineString",
        "coordinates": [
          [
            110.3937293,
            -7.0785284
          ],
          [
            110.3936599,
            -7.0789536
          ]
        ]
      },
      "id": "way/579137315"
    },
    {
      "type": "Feature",
      "properties": {
        "@id": "way/579137323",
        "highway": "living_street",
        "lanes": "1",
        "motorcycle": "yes",
        "name": "Jalan Watusari",
        "oneway": "no",
        "smoothness": "intermediate",
        "source": "HOT_InAWARESurvey_2018",
        "surface": "paving_stones",
        "width": "2"
      },
      "geometry": {
        "type": "LineString",
        "coordinates": [
          [
            110.395811,
            -7.0778809
          ],
          [
            110.3955951,
            -7.0778307
          ],
          [
            110.3955559,
            -7.0778297
          ],
          [
            110.3955365,
            -7.0778463
          ],
          [
            110.3955267,
            -7.0779062
          ],
          [
            110.3955415,
            -7.0780832
          ],
          [
            110.3955536,
            -7.0783733
          ],
          [
            110.395516,
            -7.078746
          ],
          [
            110.3954748,
            -7.0791756
          ]
        ]
      },
      "id": "way/579137323"
    },
    {
      "type": "Feature",
      "properties": {
        "@id": "way/579137346",
        "highway": "living_street",
        "lanes": "1",
        "motorcycle": "yes",
        "name": "Jalan Watusari",
        "oneway": "no",
        "smoothness": "bad",
        "source": "HOT_InAWARESurvey_2018",
        "surface": "paving_stones",
        "width": "2"
      },
      "geometry": {
        "type": "LineString",
        "coordinates": [
          [
            110.3940656,
            -7.0777079
          ],
          [
            110.3934138,
            -7.0775469
          ],
          [
            110.3932623,
            -7.0774943
          ],
          [
            110.3930765,
            -7.0778463
          ],
          [
            110.3930517,
            -7.0778743
          ],
          [
            110.3930169,
            -7.0778789
          ],
          [
            110.3929592,
            -7.0778683
          ],
          [
            110.392699,
            -7.0778097
          ],
          [
            110.3926635,
            -7.077831
          ],
          [
            110.392644,
            -7.0778862
          ],
          [
            110.3926286,
            -7.0780034
          ],
          [
            110.3926125,
            -7.0782815
          ],
          [
            110.3925508,
            -7.0786901
          ],
          [
            110.3924977,
            -7.0788504
          ]
        ]
      },
      "id": "way/579137346"
    },
    {
      "type": "Feature",
      "properties": {
        "@id": "way/579137352",
        "highway": "residential",
        "lanes": "1",
        "motorcycle": "yes",
        "name": "Jalan Watusari",
        "oneway": "no",
        "smoothness": "bad",
        "source": "HOT_InAWARESurvey_2018",
        "surface": "gravel",
        "width": "2"
      },
      "geometry": {
        "type": "LineString",
        "coordinates": [
          [
            110.3988882,
            -7.0789333
          ],
          [
            110.3992255,
            -7.0790459
          ]
        ]
      },
      "id": "way/579137352"
    },
    {
      "type": "Feature",
      "properties": {
        "@id": "way/579137359",
        "highway": "residential",
        "lanes": "1",
        "motorcycle": "yes",
        "name": "Jalan Watusari",
        "oneway": "no",
        "smoothness": "bad",
        "source": "HOT_InAWARESurvey_2018",
        "surface": "asphalt",
        "width": "2"
      },
      "geometry": {
        "type": "LineString",
        "coordinates": [
          [
            110.3988882,
            -7.0789333
          ],
          [
            110.3989036,
            -7.0788312
          ],
          [
            110.3988473,
            -7.0782283
          ],
          [
            110.3990219,
            -7.076833
          ]
        ]
      },
      "id": "way/579137359"
    },
    {
      "type": "Feature",
      "properties": {
        "@id": "way/579137402",
        "highway": "residential",
        "lanes": "1",
        "motorcycle": "yes",
        "name": "Jalan Munasari",
        "oneway": "no",
        "smoothness": "intermediate",
        "source": "HOT_InAWARESurvey_2018",
        "surface": "asphalt",
        "width": "2.5"
      },
      "geometry": {
        "type": "LineString",
        "coordinates": [
          [
            110.3909972,
            -7.0789097
          ],
          [
            110.3905465,
            -7.078934
          ],
          [
            110.3904406,
            -7.0789183
          ],
          [
            110.3901181,
            -7.0788192
          ],
          [
            110.390048,
            -7.0788024
          ],
          [
            110.3899451,
            -7.0787816
          ],
          [
            110.389694,
            -7.078779
          ],
          [
            110.389427,
            -7.0787578
          ],
          [
            110.3887368,
            -7.0787021
          ],
          [
            110.3882844,
            -7.0786707
          ],
          [
            110.3876366,
            -7.0786221
          ]
        ]
      },
      "id": "way/579137402"
    },
    {
      "type": "Feature",
      "properties": {
        "@id": "way/579137415",
        "highway": "residential",
        "lanes": "1",
        "motorcycle": "yes",
        "name": "Jalan Watusari",
        "oneway": "no",
        "smoothness": "intermediate",
        "source": "HOT_InAWARESurvey_2018",
        "surface": "asphalt",
        "width": "2"
      },
      "geometry": {
        "type": "LineString",
        "coordinates": [
          [
            110.3988882,
            -7.0789333
          ],
          [
            110.3983752,
            -7.0788139
          ],
          [
            110.3979407,
            -7.07873
          ],
          [
            110.3976363,
            -7.0786967
          ],
          [
            110.3975297,
            -7.0787134
          ],
          [
            110.3974479,
            -7.078732
          ],
          [
            110.3973694,
            -7.0787833
          ],
          [
            110.3971159,
            -7.0789762
          ]
        ]
      },
      "id": "way/579137415"
    },
    {
      "type": "Feature",
      "properties": {
        "@id": "way/580793487",
        "highway": "residential",
        "lanes": "1",
        "motorcycle": "yes",
        "name": "Jalan Gunung Turun Raya",
        "oneway": "no",
        "smoothness": "intermediate",
        "source": "HOT_InAWARESurvey_2018",
        "surface": "asphalt",
        "width": "2.5"
      },
      "geometry": {
        "type": "LineString",
        "coordinates": [
          [
            110.3871693,
            -7.0828284
          ],
          [
            110.3868766,
            -7.0827782
          ],
          [
            110.386825,
            -7.0827729
          ],
          [
            110.3867063,
            -7.0827546
          ],
          [
            110.3865051,
            -7.0827107
          ],
          [
            110.3863569,
            -7.0826751
          ],
          [
            110.3861715,
            -7.0826318
          ],
          [
            110.3861427,
            -7.0826272
          ],
          [
            110.3861035,
            -7.0826255
          ],
          [
            110.3860549,
            -7.0826277
          ],
          [
            110.385398,
            -7.0826761
          ],
          [
            110.3851493,
            -7.082702
          ],
          [
            110.3847952,
            -7.0827433
          ],
          [
            110.3845176,
            -7.0827646
          ],
          [
            110.3842152,
            -7.0827652
          ],
          [
            110.3839248,
            -7.0827679
          ],
          [
            110.3838001,
            -7.0827765
          ],
          [
            110.3837009,
            -7.0827998
          ],
          [
            110.3836117,
            -7.0828198
          ],
          [
            110.3835218,
            -7.0828231
          ],
          [
            110.3834189,
            -7.0828038
          ],
          [
            110.3833146,
            -7.0827706
          ],
          [
            110.3832288,
            -7.0827373
          ],
          [
            110.3831316,
            -7.0826967
          ],
          [
            110.3830362,
            -7.0826446
          ],
          [
            110.3829257,
            -7.0825842
          ],
          [
            110.3826615,
            -7.0824392
          ],
          [
            110.3824178,
            -7.0823367
          ]
        ]
      },
      "id": "way/580793487"
    },
    {
      "type": "Feature",
      "properties": {
        "@id": "way/580793563",
        "highway": "residential",
        "lanes": "1",
        "motorcycle": "yes",
        "name": "Jalan Mangunsari",
        "oneway": "no",
        "smoothness": "intermediate",
        "source": "HOT_InAWARESurvey_2018",
        "surface": "paving_stones",
        "width": "2"
      },
      "geometry": {
        "type": "LineString",
        "coordinates": [
          [
            110.3872056,
            -7.0857174
          ],
          [
            110.3870775,
            -7.0857121
          ],
          [
            110.3868589,
            -7.0856941
          ],
          [
            110.3864716,
            -7.0856293
          ],
          [
            110.3864448,
            -7.0856296
          ],
          [
            110.3862973,
            -7.0856699
          ],
          [
            110.3861416,
            -7.0857119
          ],
          [
            110.3861108,
            -7.0857213
          ],
          [
            110.3857831,
            -7.0858208
          ]
        ]
      },
      "id": "way/580793563"
    },
    {
      "type": "Feature",
      "properties": {
        "@id": "way/580793595",
        "highway": "residential",
        "lanes": "1",
        "motorcycle": "yes",
        "name": "Gang Kopi",
        "oneway": "no",
        "smoothness": "intermediate",
        "source": "HOT_InAWARESurvey_2018",
        "surface": "paving_stones",
        "width": "2"
      },
      "geometry": {
        "type": "LineString",
        "coordinates": [
          [
            110.3888328,
            -7.0894769
          ],
          [
            110.3885573,
            -7.0894571
          ]
        ]
      },
      "id": "way/580793595"
    },
    {
      "type": "Feature",
      "properties": {
        "@id": "way/580793611",
        "highway": "residential",
        "lanes": "1",
        "motorcycle": "yes",
        "name": "Jalan Sumur Jurang",
        "oneway": "no",
        "smoothness": "intermediate",
        "source": "HOT_InAWARESurvey_2018",
        "surface": "asphalt",
        "width": "3"
      },
      "geometry": {
        "type": "LineString",
        "coordinates": [
          [
            110.3889487,
            -7.090612
          ],
          [
            110.3893455,
            -7.090576
          ],
          [
            110.3895735,
            -7.0905494
          ],
          [
            110.3899356,
            -7.0905122
          ],
          [
            110.3901241,
            -7.0904989
          ]
        ]
      },
      "id": "way/580793611"
    },
    {
      "type": "Feature",
      "properties": {
        "@id": "way/580793727",
        "highway": "residential",
        "lanes": "1",
        "motorcycle": "yes",
        "name": "Gang Satu",
        "oneway": "no",
        "smoothness": "intermediate",
        "source": "HOT_InAWARESurvey_2018",
        "surface": "paving_stones",
        "width": "2"
      },
      "geometry": {
        "type": "LineString",
        "coordinates": [
          [
            110.389587,
            -7.0976588
          ],
          [
            110.389302,
            -7.0975763
          ],
          [
            110.3890633,
            -7.0974897
          ],
          [
            110.3890351,
            -7.0974678
          ],
          [
            110.3889009,
            -7.0974033
          ],
          [
            110.3888037,
            -7.097354
          ],
          [
            110.3886669,
            -7.0973188
          ],
          [
            110.3885148,
            -7.0972822
          ],
          [
            110.388392,
            -7.0972961
          ],
          [
            110.3883244,
            -7.0973034
          ],
          [
            110.3881647,
            -7.0973095
          ],
          [
            110.3881399,
            -7.0973081
          ],
          [
            110.3880326,
            -7.0972948
          ],
          [
            110.3880242,
            -7.097292
          ],
          [
            110.3880187,
            -7.0972863
          ],
          [
            110.3880138,
            -7.0972803
          ],
          [
            110.388013,
            -7.0972742
          ],
          [
            110.3880152,
            -7.0972656
          ],
          [
            110.3881352,
            -7.0968735
          ],
          [
            110.3881366,
            -7.0968283
          ],
          [
            110.3881148,
            -7.0967934
          ],
          [
            110.3880849,
            -7.0967781
          ],
          [
            110.3880467,
            -7.0967651
          ],
          [
            110.3878925,
            -7.0967511
          ],
          [
            110.3877684,
            -7.0967498
          ],
          [
            110.3874688,
            -7.0967492
          ],
          [
            110.3873098,
            -7.0967571
          ],
          [
            110.387297,
            -7.0967641
          ],
          [
            110.3872843,
            -7.0967765
          ],
          [
            110.387277,
            -7.0968017
          ],
          [
            110.3872783,
            -7.0972036
          ],
          [
            110.3872722,
            -7.0973913
          ]
        ]
      },
      "id": "way/580793727"
    },
    {
      "type": "Feature",
      "properties": {
        "@id": "way/583912267",
        "highway": "residential",
        "lanes": "1",
        "motorcycle": "yes",
        "name": "Gang Lili",
        "oneway": "no",
        "smoothness": "intermediate",
        "source": "HOT_InAWARESurvey_2018",
        "surface": "paving_stones",
        "width": "2"
      },
      "geometry": {
        "type": "LineString",
        "coordinates": [
          [
            110.3955719,
            -7.0975036
          ],
          [
            110.3962737,
            -7.0972063
          ]
        ]
      },
      "id": "way/583912267"
    },
    {
      "type": "Feature",
      "properties": {
        "@id": "way/583912268",
        "highway": "residential",
        "lanes": "1",
        "motorcycle": "yes",
        "name": "Gang Tanjung",
        "oneway": "no",
        "smoothness": "intermediate",
        "source": "HOT_InAWARESurvey_2018",
        "surface": "paving_stones",
        "width": "2"
      },
      "geometry": {
        "type": "LineString",
        "coordinates": [
          [
            110.3964038,
            -7.0953697
          ],
          [
            110.3960592,
            -7.0957504
          ],
          [
            110.3960051,
            -7.0958081
          ],
          [
            110.3956823,
            -7.095966
          ]
        ]
      },
      "id": "way/583912268"
    },
    {
      "type": "Feature",
      "properties": {
        "@id": "way/583912269",
        "highway": "residential",
        "lanes": "1",
        "motorcycle": "yes",
        "name": "Gang Tulip",
        "oneway": "no",
        "smoothness": "intermediate",
        "source": "HOT_InAWARESurvey_2018",
        "surface": "paving_stones",
        "width": "2"
      },
      "geometry": {
        "type": "LineString",
        "coordinates": [
          [
            110.3948961,
            -7.0961621
          ],
          [
            110.3951284,
            -7.0961308
          ],
          [
            110.3954016,
            -7.0960676
          ],
          [
            110.3956823,
            -7.095966
          ]
        ]
      },
      "id": "way/583912269"
    },
    {
      "type": "Feature",
      "properties": {
        "@id": "way/583912273",
        "highway": "residential",
        "lanes": "1",
        "motorcycle": "yes",
        "name": "Jalan Pakintelan Residence",
        "oneway": "no",
        "smoothness": "bad",
        "source": "HOT_InAWARESurvey_2018",
        "surface": "gravel",
        "width": "3"
      },
      "geometry": {
        "type": "LineString",
        "coordinates": [
          [
            110.3946196,
            -7.096226
          ],
          [
            110.3945473,
            -7.0959658
          ]
        ]
      },
      "id": "way/583912273"
    },
    {
      "type": "Feature",
      "properties": {
        "@id": "way/583912275",
        "highway": "residential",
        "lanes": "1",
        "motorcycle": "yes",
        "name": "Gang Mawar",
        "oneway": "no",
        "smoothness": "intermediate",
        "source": "HOT_InAWARESurvey_2018",
        "surface": "paving_stones",
        "width": "2"
      },
      "geometry": {
        "type": "LineString",
        "coordinates": [
          [
            110.3941127,
            -7.0950654
          ],
          [
            110.3945473,
            -7.0959658
          ]
        ]
      },
      "id": "way/583912275"
    },
    {
      "type": "Feature",
      "properties": {
        "@id": "way/583912277",
        "highway": "residential",
        "lanes": "1",
        "motorcycle": "yes",
        "name": "Gang Kantil",
        "oneway": "no",
        "smoothness": "intermediate",
        "source": "HOT_InAWARESurvey_2018",
        "surface": "paving_stones",
        "width": "2"
      },
      "geometry": {
        "type": "LineString",
        "coordinates": [
          [
            110.394204,
            -7.0945205
          ],
          [
            110.3941571,
            -7.094358
          ],
          [
            110.3941568,
            -7.094348
          ],
          [
            110.394161,
            -7.09434
          ],
          [
            110.3941668,
            -7.0943322
          ],
          [
            110.3945978,
            -7.0940746
          ]
        ]
      },
      "id": "way/583912277"
    },
    {
      "type": "Feature",
      "properties": {
        "@id": "way/583912278",
        "highway": "residential",
        "lanes": "1",
        "motorcycle": "yes",
        "oneway": "no",
        "smoothness": "intermediate",
        "source": "HOT_InAWARESurvey_2018",
        "surface": "paving_stones",
        "width": "2"
      },
      "geometry": {
        "type": "LineString",
        "coordinates": [
          [
            110.3941709,
            -7.0926588
          ],
          [
            110.3943912,
            -7.0930304
          ],
          [
            110.3945468,
            -7.0932739
          ],
          [
            110.3945919,
            -7.0933372
          ],
          [
            110.3946318,
            -7.0934181
          ],
          [
            110.3946568,
            -7.0934674
          ]
        ]
      },
      "id": "way/583912278"
    },
    {
      "type": "Feature",
      "properties": {
        "@id": "way/583912279",
        "highway": "residential",
        "lanes": "1",
        "motorcycle": "yes",
        "name": "Gang Teratai",
        "oneway": "no",
        "smoothness": "intermediate",
        "source": "HOT_InAWARESurvey_2018",
        "surface": "concrete",
        "width": "3"
      },
      "geometry": {
        "type": "LineString",
        "coordinates": [
          [
            110.3955335,
            -7.0930641
          ],
          [
            110.3951552,
            -7.0932322
          ]
        ]
      },
      "id": "way/583912279"
    },
    {
      "type": "Feature",
      "properties": {
        "@id": "way/583912280",
        "highway": "residential",
        "lanes": "1",
        "motorcycle": "yes",
        "oneway": "no",
        "smoothness": "bad",
        "source": "HOT_InAWARESurvey_2018",
        "surface": "ground",
        "width": "2"
      },
      "geometry": {
        "type": "LineString",
        "coordinates": [
          [
            110.3900861,
            -7.0942498
          ],
          [
            110.3900909,
            -7.0945277
          ],
          [
            110.3901004,
            -7.0946936
          ]
        ]
      },
      "id": "way/583912280"
    },
    {
      "type": "Feature",
      "properties": {
        "@id": "way/583912282",
        "highway": "path",
        "lanes": "1",
        "motorcycle": "yes",
        "oneway": "no",
        "smoothness": "bad",
        "source": "HOT_InAWARESurvey_2018",
        "surface": "grass",
        "width": "1"
      },
      "geometry": {
        "type": "LineString",
        "coordinates": [
          [
            110.3901004,
            -7.0946936
          ],
          [
            110.3901366,
            -7.0953723
          ],
          [
            110.3902171,
            -7.0954202
          ],
          [
            110.3902171,
            -7.0955879
          ],
          [
            110.3901684,
            -7.0961659
          ]
        ]
      },
      "id": "way/583912282"
    },
    {
      "type": "Feature",
      "properties": {
        "@id": "way/583912285",
        "highway": "residential",
        "lanes": "1",
        "motorcycle": "yes",
        "name": "Jalan Manggis Utara Dalam I",
        "oneway": "no",
        "smoothness": "intermediate",
        "source": "HOT_InAWARESurvey_2018",
        "surface": "asphalt",
        "width": "2"
      },
      "geometry": {
        "type": "LineString",
        "coordinates": [
          [
            110.39316,
            -7.0906504
          ],
          [
            110.3934605,
            -7.0910975
          ],
          [
            110.3936885,
            -7.0915393
          ],
          [
            110.3937569,
            -7.0916924
          ],
          [
            110.3939204,
            -7.0920651
          ]
        ]
      },
      "id": "way/583912285"
    },
    {
      "type": "Feature",
      "properties": {
        "@id": "way/583912293",
        "highway": "residential",
        "lanes": "1",
        "motorcycle": "yes",
        "name": "Jalan Manggis Utara Dalam I",
        "oneway": "no",
        "smoothness": "bad",
        "source": "HOT_InAWARESurvey_2018",
        "surface": "asphalt",
        "width": "2.5"
      },
      "geometry": {
        "type": "LineString",
        "coordinates": [
          [
            110.3925272,
            -7.0910899
          ],
          [
            110.3924064,
            -7.0909275
          ],
          [
            110.3923852,
            -7.0909121
          ],
          [
            110.3923604,
            -7.0909061
          ],
          [
            110.3923282,
            -7.0909041
          ],
          [
            110.3921223,
            -7.0909167
          ],
          [
            110.3918727,
            -7.0909508
          ],
          [
            110.3918421,
            -7.0909627
          ],
          [
            110.3917489,
            -7.0909946
          ],
          [
            110.3916473,
            -7.0910433
          ],
          [
            110.3916281,
            -7.0910638
          ],
          [
            110.3916268,
            -7.0910838
          ],
          [
            110.3916333,
            -7.0911072
          ],
          [
            110.3917808,
            -7.0914113
          ],
          [
            110.3918635,
            -7.0916301
          ],
          [
            110.3918686,
            -7.0916594
          ],
          [
            110.3918608,
            -7.0916926
          ],
          [
            110.3918105,
            -7.0917831
          ],
          [
            110.3917971,
            -7.0918324
          ],
          [
            110.3917998,
            -7.091867
          ],
          [
            110.3918251,
            -7.0919104
          ],
          [
            110.3921268,
            -7.0922737
          ],
          [
            110.392174,
            -7.0922902
          ],
          [
            110.3922263,
            -7.0922902
          ],
          [
            110.3924071,
            -7.0922763
          ],
          [
            110.3924502,
            -7.0922955
          ],
          [
            110.3924824,
            -7.0923328
          ],
          [
            110.3925077,
            -7.0924014
          ],
          [
            110.3925495,
            -7.0925936
          ],
          [
            110.3925589,
            -7.0926262
          ]
        ]
      },
      "id": "way/583912293"
    },
    {
      "type": "Feature",
      "properties": {
        "@id": "way/583912296",
        "highway": "residential",
        "lanes": "1",
        "motorcycle": "yes",
        "name": "Jalan Sumur Jurang",
        "oneway": "no",
        "smoothness": "intermediate",
        "source": "HOT_InAWARESurvey_2018",
        "surface": "asphalt",
        "width": "3"
      },
      "geometry": {
        "type": "LineString",
        "coordinates": [
          [
            110.3905067,
            -7.0902208
          ],
          [
            110.3905166,
            -7.090489
          ]
        ]
      },
      "id": "way/583912296"
    },
    {
      "type": "Feature",
      "properties": {
        "@id": "way/583912306",
        "highway": "service",
        "lanes": "1",
        "motorcycle": "yes",
        "name": "Jalan Dukuh Mangunsari",
        "oneway": "no",
        "smoothness": "intermediate",
        "source": "HOT_InAWARESurvey_2018",
        "surface": "paving_stones",
        "width": "2"
      },
      "geometry": {
        "type": "LineString",
        "coordinates": [
          [
            110.3886926,
            -7.0870879
          ],
          [
            110.3886802,
            -7.0873721
          ],
          [
            110.3886768,
            -7.087641
          ],
          [
            110.3886762,
            -7.0876666
          ],
          [
            110.3886418,
            -7.0876661
          ],
          [
            110.3885674,
            -7.0876648
          ],
          [
            110.3885164,
            -7.0876625
          ]
        ]
      },
      "id": "way/583912306"
    },
    {
      "type": "Feature",
      "properties": {
        "@id": "way/583912308",
        "highway": "residential",
        "lanes": "1",
        "motorcycle": "yes",
        "name": "Jalan Dukuh Mangunsari",
        "oneway": "no",
        "smoothness": "bad",
        "source": "HOT_InAWARESurvey_2018",
        "surface": "paving_stones",
        "width": "2"
      },
      "geometry": {
        "type": "LineString",
        "coordinates": [
          [
            110.3893255,
            -7.0871211
          ],
          [
            110.3893228,
            -7.0871544
          ],
          [
            110.3893148,
            -7.0872794
          ],
          [
            110.389263,
            -7.0876753
          ],
          [
            110.3891999,
            -7.0879446
          ],
          [
            110.3891964,
            -7.0879596
          ],
          [
            110.3891927,
            -7.0879995
          ],
          [
            110.3891866,
            -7.0885191
          ],
          [
            110.3891812,
            -7.0887174
          ],
          [
            110.3891665,
            -7.0890762
          ],
          [
            110.3891364,
            -7.089152
          ],
          [
            110.3891129,
            -7.08919
          ],
          [
            110.389068,
            -7.0892053
          ]
        ]
      },
      "id": "way/583912308"
    },
    {
      "type": "Feature",
      "properties": {
        "@id": "way/583912311",
        "highway": "residential",
        "lanes": "1",
        "motorcycle": "yes",
        "name": "Jalan Dukuh Mangunsari",
        "oneway": "no",
        "smoothness": "intermediate",
        "source": "HOT_InAWARESurvey_2018",
        "surface": "asphalt",
        "width": "2"
      },
      "geometry": {
        "type": "LineString",
        "coordinates": [
          [
            110.3884859,
            -7.0862085
          ],
          [
            110.3889151,
            -7.0863037
          ],
          [
            110.3889738,
            -7.0860611
          ],
          [
            110.3889843,
            -7.0860477
          ],
          [
            110.3889986,
            -7.0860415
          ],
          [
            110.3890127,
            -7.0860388
          ],
          [
            110.389178,
            -7.0860655
          ],
          [
            110.389286,
            -7.0856798
          ]
        ]
      },
      "id": "way/583912311"
    },
    {
      "type": "Feature",
      "properties": {
        "@id": "way/583912314",
        "highway": "service",
        "lanes": "1",
        "motorcycle": "yes",
        "oneway": "no",
        "service": "driveway",
        "smoothness": "intermediate",
        "source": "HOT_InAWARESurvey_2018",
        "surface": "paving_stones",
        "width": "2"
      },
      "geometry": {
        "type": "LineString",
        "coordinates": [
          [
            110.3903005,
            -7.0861436
          ],
          [
            110.390218,
            -7.0860758
          ],
          [
            110.3901912,
            -7.0860272
          ],
          [
            110.3901871,
            -7.0859746
          ],
          [
            110.3901918,
            -7.0859247
          ],
          [
            110.3902374,
            -7.0858196
          ],
          [
            110.3903359,
            -7.0855687
          ]
        ]
      },
      "id": "way/583912314"
    },
    {
      "type": "Feature",
      "properties": {
        "@id": "way/583912315",
        "highway": "living_street",
        "lanes": "1",
        "motorcycle": "yes",
        "name": "Jalan Dukuh Mangunsari",
        "oneway": "no",
        "smoothness": "intermediate",
        "source": "HOT_InAWARESurvey_2018",
        "surface": "paving_stones",
        "width": "2"
      },
      "geometry": {
        "type": "LineString",
        "coordinates": [
          [
            110.3897197,
            -7.0850436
          ],
          [
            110.3895442,
            -7.0857435
          ]
        ]
      },
      "id": "way/583912315"
    },
    {
      "type": "Feature",
      "properties": {
        "@id": "way/583912318",
        "highway": "residential",
        "lanes": "1",
        "motorcycle": "yes",
        "name": "Jalan Dukuh Mangunsari",
        "oneway": "no",
        "smoothness": "intermediate",
        "source": "HOT_InAWARESurvey_2018",
        "surface": "paving_stones",
        "width": "2"
      },
      "geometry": {
        "type": "LineString",
        "coordinates": [
          [
            110.3895233,
            -7.0845098
          ],
          [
            110.3896043,
            -7.0845736
          ],
          [
            110.3897468,
            -7.0846631
          ],
          [
            110.3898113,
            -7.0846953
          ],
          [
            110.3898968,
            -7.0847269
          ],
          [
            110.3899581,
            -7.0847482
          ]
        ]
      },
      "id": "way/583912318"
    },
    {
      "type": "Feature",
      "properties": {
        "@id": "way/583912320",
        "highway": "residential",
        "lanes": "1",
        "motorcycle": "yes",
        "name": "Jalan Dukuh Mangunsari",
        "oneway": "no",
        "smoothness": "intermediate",
        "source": "HOT_InAWARESurvey_2018",
        "surface": "paving_stones",
        "width": "2"
      },
      "geometry": {
        "type": "LineString",
        "coordinates": [
          [
            110.3894126,
            -7.0844698
          ],
          [
            110.3895233,
            -7.0845098
          ],
          [
            110.3897392,
            -7.0844302
          ],
          [
            110.3898807,
            -7.0843889
          ],
          [
            110.389994,
            -7.0843713
          ],
          [
            110.3900678,
            -7.0843689
          ],
          [
            110.3901047,
            -7.0843689
          ],
          [
            110.3901543,
            -7.0843723
          ],
          [
            110.3901757,
            -7.0843756
          ],
          [
            110.3901898,
            -7.0843862
          ],
          [
            110.3902099,
            -7.0844109
          ],
          [
            110.3902314,
            -7.0844801
          ],
          [
            110.3902354,
            -7.0845153
          ],
          [
            110.3902452,
            -7.0845481
          ],
          [
            110.3902522,
            -7.0845752
          ],
          [
            110.3902669,
            -7.0845839
          ],
          [
            110.3902931,
            -7.0845885
          ],
          [
            110.3903347,
            -7.0845785
          ],
          [
            110.3903588,
            -7.0845572
          ],
          [
            110.3903756,
            -7.0845213
          ],
          [
            110.3903876,
            -7.0844388
          ],
          [
            110.3903809,
            -7.0843483
          ],
          [
            110.3903588,
            -7.0842398
          ],
          [
            110.3903219,
            -7.0841553
          ],
          [
            110.3902656,
            -7.0840695
          ],
          [
            110.3902012,
            -7.0840189
          ],
          [
            110.3901885,
            -7.0840056
          ],
          [
            110.3901844,
            -7.0839876
          ],
          [
            110.3901898,
            -7.083967
          ],
          [
            110.3901999,
            -7.0839391
          ],
          [
            110.3902012,
            -7.0839224
          ],
          [
            110.3901952,
            -7.0839111
          ],
          [
            110.3901818,
            -7.0838985
          ],
          [
            110.3901207,
            -7.0838752
          ]
        ]
      },
      "id": "way/583912320"
    },
    {
      "type": "Feature",
      "properties": {
        "@id": "way/583912321",
        "highway": "residential",
        "lanes": "1",
        "motorcycle": "yes",
        "name": "Jalan Dukuh Mangunsari",
        "oneway": "no",
        "smoothness": "intermediate",
        "source": "HOT_InAWARESurvey_2018",
        "surface": "concrete",
        "width": "2"
      },
      "geometry": {
        "type": "LineString",
        "coordinates": [
          [
            110.3890468,
            -7.0843458
          ],
          [
            110.3894126,
            -7.0844698
          ]
        ]
      },
      "id": "way/583912321"
    },
    {
      "type": "Feature",
      "properties": {
        "@id": "way/583912324",
        "highway": "residential",
        "lanes": "1",
        "motorcycle": "yes",
        "name": "Jalan Dukuh Mangunsari",
        "oneway": "no",
        "smoothness": "intermediate",
        "source": "HOT_InAWARESurvey_2018",
        "surface": "paving_stones",
        "width": "2"
      },
      "geometry": {
        "type": "LineString",
        "coordinates": [
          [
            110.3899893,
            -7.0850866
          ],
          [
            110.3898176,
            -7.0850653
          ],
          [
            110.3897197,
            -7.0850436
          ],
          [
            110.3895695,
            -7.0849988
          ],
          [
            110.3893858,
            -7.0849668
          ],
          [
            110.3889254,
            -7.0849876
          ],
          [
            110.3886978,
            -7.0849016
          ],
          [
            110.3885666,
            -7.0848364
          ]
        ]
      },
      "id": "way/583912324"
    },
    {
      "type": "Feature",
      "properties": {
        "@id": "way/583912327",
        "highway": "residential",
        "lanes": "1",
        "motorcycle": "yes",
        "name": "Jalan Dukuh Kepil",
        "oneway": "no",
        "smoothness": "intermediate",
        "source": "HOT_InAWARESurvey_2018",
        "surface": "paving_stones",
        "width": "2"
      },
      "geometry": {
        "type": "LineString",
        "coordinates": [
          [
            110.3917193,
            -7.0832839
          ],
          [
            110.391726,
            -7.0835422
          ],
          [
            110.3917488,
            -7.0837498
          ],
          [
            110.3917944,
            -7.0839028
          ],
          [
            110.3918359,
            -7.0840851
          ],
          [
            110.3918642,
            -7.0841826
          ],
          [
            110.3918695,
            -7.0842731
          ],
          [
            110.3918386,
            -7.0845716
          ],
          [
            110.3917602,
            -7.0848244
          ]
        ]
      },
      "id": "way/583912327"
    },
    {
      "type": "Feature",
      "properties": {
        "@id": "way/583912329",
        "highway": "residential",
        "lanes": "1",
        "motorcycle": "yes",
        "name": "Jalan Dukuh Kepil",
        "oneway": "no",
        "smoothness": "intermediate",
        "source": "HOT_InAWARESurvey_2018",
        "surface": "concrete",
        "width": "2"
      },
      "geometry": {
        "type": "LineString",
        "coordinates": [
          [
            110.3923686,
            -7.0825333
          ],
          [
            110.3926444,
            -7.0826648
          ],
          [
            110.3925507,
            -7.0829223
          ],
          [
            110.3924016,
            -7.0833537
          ]
        ]
      },
      "id": "way/583912329"
    },
    {
      "type": "Feature",
      "properties": {
        "@id": "way/583912330",
        "highway": "living_street",
        "lanes": "1",
        "motorcycle": "yes",
        "oneway": "no",
        "smoothness": "intermediate",
        "source": "HOT_InAWARESurvey_2018",
        "surface": "paving_stones",
        "width": "1"
      },
      "geometry": {
        "type": "LineString",
        "coordinates": [
          [
            110.3908447,
            -7.0826015
          ],
          [
            110.3914518,
            -7.0826681
          ],
          [
            110.3914659,
            -7.0826754
          ],
          [
            110.3914706,
            -7.0826841
          ],
          [
            110.3914739,
            -7.0828231
          ],
          [
            110.3914813,
            -7.0828391
          ],
          [
            110.3914914,
            -7.0828471
          ],
          [
            110.3918891,
            -7.0828938
          ],
          [
            110.3919753,
            -7.0829112
          ]
        ]
      },
      "id": "way/583912330"
    },
    {
      "type": "Feature",
      "properties": {
        "@id": "way/583912333",
        "highway": "living_street",
        "lanes": "1",
        "motorcycle": "yes",
        "name": "Jalan Dukuh Kepil",
        "oneway": "no",
        "smoothness": "intermediate",
        "source": "HOT_InAWARESurvey_2018",
        "surface": "concrete",
        "width": "2"
      },
      "geometry": {
        "type": "LineString",
        "coordinates": [
          [
            110.3920859,
            -7.0825316
          ],
          [
            110.3919753,
            -7.0829112
          ],
          [
            110.3918782,
            -7.0832449
          ]
        ]
      },
      "id": "way/583912333"
    },
    {
      "type": "Feature",
      "properties": {
        "@id": "way/583912335",
        "highway": "living_street",
        "lanes": "1",
        "motorcycle": "yes",
        "name": "Jalan Dukuh Kepil",
        "oneway": "no",
        "smoothness": "intermediate",
        "source": "HOT_InAWARESurvey_2018",
        "surface": "paving_stones",
        "width": "2"
      },
      "geometry": {
        "type": "LineString",
        "coordinates": [
          [
            110.3910575,
            -7.0820965
          ],
          [
            110.3914167,
            -7.0822242
          ],
          [
            110.3918096,
            -7.0824252
          ],
          [
            110.3920859,
            -7.0825316
          ]
        ]
      },
      "id": "way/583912335"
    },
    {
      "type": "Feature",
      "properties": {
        "@id": "way/583912336",
        "highway": "living_street",
        "lanes": "1",
        "motorcycle": "yes",
        "name": "Jalan Dukuh Kepil",
        "oneway": "no",
        "smoothness": "intermediate",
        "source": "HOT_InAWARESurvey_2018",
        "surface": "paving_stones",
        "width": "2"
      },
      "geometry": {
        "type": "LineString",
        "coordinates": [
          [
            110.391439,
            -7.0814277
          ],
          [
            110.3911655,
            -7.0814577
          ],
          [
            110.3911433,
            -7.0814803
          ],
          [
            110.3911373,
            -7.0815109
          ],
          [
            110.391138,
            -7.081622
          ],
          [
            110.3911105,
            -7.0818449
          ],
          [
            110.3910575,
            -7.0820965
          ],
          [
            110.390903,
            -7.0824538
          ],
          [
            110.3908447,
            -7.0826015
          ],
          [
            110.390738,
            -7.0831607
          ]
        ]
      },
      "id": "way/583912336"
    },
    {
      "type": "Feature",
      "properties": {
        "@id": "way/583912340",
        "highway": "residential",
        "lanes": "1",
        "motorcycle": "yes",
        "name": "Jalan Pakintelan II",
        "oneway": "no",
        "smoothness": "intermediate",
        "source": "HOT_InAWARESurvey_2018",
        "surface": "asphalt",
        "width": "2"
      },
      "geometry": {
        "type": "LineString",
        "coordinates": [
          [
            110.3912386,
            -7.0854443
          ],
          [
            110.3913276,
            -7.0854157
          ],
          [
            110.3915209,
            -7.0853757
          ],
          [
            110.3915926,
            -7.0853691
          ],
          [
            110.393296,
            -7.0855654
          ],
          [
            110.3933816,
            -7.0855754
          ],
          [
            110.3939435,
            -7.0856193
          ],
          [
            110.3946329,
            -7.0855315
          ],
          [
            110.3948421,
            -7.0854915
          ]
        ]
      },
      "id": "way/583912340"
    },
    {
      "type": "Feature",
      "properties": {
        "@id": "way/583912342",
        "source": "HOT_InAWARESurvey_2018",
        "waterway": "stream",
        "width": "3"
      },
      "geometry": {
        "type": "LineString",
        "coordinates": [
          [
            110.3973895,
            -7.0958888
          ],
          [
            110.3973412,
            -7.0957158
          ],
          [
            110.397301,
            -7.0955561
          ],
          [
            110.3972045,
            -7.0954043
          ],
          [
            110.3970972,
            -7.09521
          ],
          [
            110.3970221,
            -7.0950078
          ],
          [
            110.3969033,
            -7.0946884
          ],
          [
            110.3968074,
            -7.0944137
          ],
          [
            110.3967548,
            -7.0941731
          ],
          [
            110.3966754,
            -7.0939055
          ],
          [
            110.3965703,
            -7.0936369
          ],
          [
            110.396497,
            -7.0933755
          ],
          [
            110.3964574,
            -7.0932343
          ],
          [
            110.3963287,
            -7.0930621
          ],
          [
            110.39621,
            -7.0930181
          ],
          [
            110.3961155,
            -7.0929975
          ],
          [
            110.3960364,
            -7.0929516
          ],
          [
            110.3959639,
            -7.0929037
          ],
          [
            110.3959069,
            -7.0928553
          ],
          [
            110.39576,
            -7.0928286
          ],
          [
            110.3956756,
            -7.0927826
          ],
          [
            110.3956608,
            -7.0927373
          ],
          [
            110.3955971,
            -7.0925989
          ],
          [
            110.3954376,
            -7.0925104
          ],
          [
            110.3953457,
            -7.0924139
          ],
          [
            110.3953122,
            -7.0922503
          ],
          [
            110.3952424,
            -7.0921731
          ],
          [
            110.3951915,
            -7.0921052
          ],
          [
            110.395114,
            -7.0919069
          ],
          [
            110.3951177,
            -7.0917871
          ],
          [
            110.3950372,
            -7.0915249
          ],
          [
            110.395048,
            -7.0913746
          ],
          [
            110.3950667,
            -7.091304
          ],
          [
            110.3949983,
            -7.0912308
          ],
          [
            110.3949702,
            -7.0911403
          ],
          [
            110.3950091,
            -7.0910285
          ],
          [
            110.3950118,
            -7.0909167
          ],
          [
            110.3948508,
            -7.0906013
          ],
          [
            110.394714,
            -7.0904616
          ],
          [
            110.3943385,
            -7.0902407
          ],
          [
            110.3939107,
            -7.090093
          ],
          [
            110.3937799,
            -7.0899838
          ],
          [
            110.393666,
            -7.0899505
          ],
          [
            110.393558,
            -7.0898893
          ],
          [
            110.3934172,
            -7.0896977
          ],
          [
            110.3931677,
            -7.0888779
          ],
          [
            110.3930068,
            -7.0882604
          ],
          [
            110.3926876,
            -7.0877706
          ],
          [
            110.3925267,
            -7.0876322
          ],
          [
            110.3924248,
            -7.0874446
          ],
          [
            110.3923215,
            -7.0871544
          ],
          [
            110.3922532,
            -7.0869743
          ],
          [
            110.3917489,
            -7.0858537
          ],
          [
            110.3912581,
            -7.0854944
          ],
          [
            110.3909362,
            -7.0852894
          ],
          [
            110.3907512,
            -7.0851112
          ],
          [
            110.390609,
            -7.0850286
          ],
          [
            110.3905058,
            -7.0847877
          ],
          [
            110.3905151,
            -7.0845841
          ],
          [
            110.3906009,
            -7.0843072
          ],
          [
            110.3906921,
            -7.0840863
          ],
          [
            110.390491,
            -7.0837004
          ],
          [
            110.3905272,
            -7.0834116
          ],
          [
            110.390552,
            -7.0832205
          ],
          [
            110.3904802,
            -7.0830934
          ],
          [
            110.3901678,
            -7.0830083
          ],
          [
            110.3899438,
            -7.082846
          ],
          [
            110.3898648,
            -7.0826436
          ],
          [
            110.3898996,
            -7.082444
          ],
          [
            110.3899828,
            -7.0823775
          ],
          [
            110.3903086,
            -7.0823109
          ],
          [
            110.3904106,
            -7.0822244
          ],
          [
            110.3905071,
            -7.0820022
          ],
          [
            110.39044,
            -7.0817573
          ],
          [
            110.3903622,
            -7.0815097
          ],
          [
            110.3902603,
            -7.0813261
          ],
          [
            110.3901316,
            -7.0809242
          ],
          [
            110.390271,
            -7.0803705
          ],
          [
            110.390432,
            -7.0800325
          ],
          [
            110.3903864,
            -7.0797503
          ],
          [
            110.390381,
            -7.0797362
          ],
          [
            110.3904588,
            -7.0796226
          ],
          [
            110.3908543,
            -7.079627
          ],
          [
            110.3912748,
            -7.0795348
          ],
          [
            110.3915584,
            -7.0794301
          ],
          [
            110.3917628,
            -7.0794242
          ],
          [
            110.3917475,
            -7.0792491
          ],
          [
            110.3916335,
            -7.0791146
          ],
          [
            110.391482,
            -7.0787633
          ],
          [
            110.3915007,
            -7.0782725
          ],
          [
            110.3915258,
            -7.0778552
          ],
          [
            110.3913707,
            -7.0775469
          ],
          [
            110.3914511,
            -7.0773898
          ],
          [
            110.3913841,
            -7.0767111
          ],
          [
            110.3914222,
            -7.0763389
          ],
          [
            110.3914645,
            -7.0759125
          ],
          [
            110.391545,
            -7.0755239
          ],
          [
            110.3915155,
            -7.075271
          ],
          [
            110.3916576,
            -7.0751965
          ],
          [
            110.3918427,
            -7.075287
          ],
          [
            110.3919071,
            -7.0752231
          ],
          [
            110.3919178,
            -7.0750581
          ],
          [
            110.3920111,
            -7.0748882
          ],
          [
            110.3921242,
            -7.0748606
          ],
          [
            110.3922696,
            -7.0749001
          ],
          [
            110.3925426,
            -7.0751458
          ],
          [
            110.3927761,
            -7.0751459
          ],
          [
            110.393047,
            -7.0750341
          ],
          [
            110.3931436,
            -7.0748771
          ],
          [
            110.393216,
            -7.0746775
          ],
          [
            110.3932911,
            -7.0744911
          ],
          [
            110.3934789,
            -7.074374
          ],
          [
            110.3935593,
            -7.0743687
          ],
          [
            110.3942902,
            -7.0747586
          ],
          [
            110.3945209,
            -7.0748452
          ],
          [
            110.3946832,
            -7.0748012
          ],
          [
            110.3947261,
            -7.0747161
          ],
          [
            110.3946448,
            -7.0744656
          ],
          [
            110.3945705,
            -7.0742915
          ],
          [
            110.3946449,
            -7.0741263
          ],
          [
            110.3947744,
            -7.074036
          ],
          [
            110.3948173,
            -7.0739721
          ],
          [
            110.3947847,
            -7.0736469
          ],
          [
            110.3947851,
            -7.0734797
          ],
          [
            110.3949219,
            -7.0734184
          ],
          [
            110.3953242,
            -7.0734184
          ],
          [
            110.3956166,
            -7.0734876
          ],
          [
            110.3959009,
            -7.0736127
          ],
          [
            110.3961691,
            -7.0737272
          ],
          [
            110.3962469,
            -7.0736899
          ],
          [
            110.3962925,
            -7.0734876
          ],
          [
            110.3963569,
            -7.0732587
          ],
          [
            110.39644,
            -7.0731123
          ],
          [
            110.3969054,
            -7.0728102
          ],
          [
            110.3971964,
            -7.0725214
          ],
          [
            110.3975666,
            -7.0724269
          ],
          [
            110.3976242,
            -7.0723431
          ],
          [
            110.3976189,
            -7.0722299
          ],
          [
            110.3976685,
            -7.0721075
          ],
          [
            110.3978187,
            -7.072013
          ],
          [
            110.397938,
            -7.071997
          ],
          [
            110.3980091,
            -7.0720037
          ],
          [
            110.3981741,
            -7.0721035
          ],
          [
            110.39839,
            -7.0720263
          ],
          [
            110.3985321,
            -7.071816
          ],
          [
            110.398567,
            -7.0716457
          ],
          [
            110.3985992,
            -7.0715658
          ],
          [
            110.3987494,
            -7.0715259
          ],
          [
            110.3988004,
            -7.0714247
          ],
          [
            110.3987682,
            -7.071305
          ],
          [
            110.3986663,
            -7.0712224
          ],
          [
            110.3986019,
            -7.0711985
          ],
          [
            110.398441,
            -7.0712544
          ],
          [
            110.3983068,
            -7.071273
          ],
          [
            110.3980842,
            -7.0712065
          ],
          [
            110.3978884,
            -7.0710734
          ],
          [
            110.3977489,
            -7.0708977
          ],
          [
            110.3976953,
            -7.0706821
          ],
          [
            110.3977945,
            -7.0705038
          ],
          [
            110.3978737,
            -7.0704186
          ],
          [
            110.3979702,
            -7.0703986
          ],
          [
            110.3980279,
            -7.0704811
          ],
          [
            110.3980936,
            -7.0706382
          ],
          [
            110.3981526,
            -7.0707047
          ],
          [
            110.3982411,
            -7.0707207
          ],
          [
            110.3982881,
            -7.0707114
          ],
          [
            110.3982961,
            -7.0705916
          ],
          [
            110.3982894,
            -7.0705344
          ],
          [
            110.3982545,
            -7.0703148
          ],
          [
            110.3981137,
            -7.0696839
          ],
          [
            110.3979903,
            -7.0693778
          ],
          [
            110.3978133,
            -7.0692128
          ],
          [
            110.397647,
            -7.0691968
          ],
          [
            110.3975183,
            -7.0692234
          ],
          [
            110.3974298,
            -7.06929
          ],
          [
            110.3973252,
            -7.069258
          ],
          [
            110.3971615,
            -7.0691902
          ],
          [
            110.3970811,
            -7.0690065
          ],
          [
            110.3970824,
            -7.0689027
          ],
          [
            110.3970546,
            -7.0688654
          ]
        ]
      },
      "id": "way/583912342"
    },
    {
      "type": "Feature",
      "properties": {
        "@id": "way/583912343",
        "bridge": "yes",
        "highway": "residential",
        "lanes": "1",
        "layer": "1",
        "motorcycle": "yes",
        "oneway": "no",
        "smoothness": "intermediate",
        "source": "HOT_InAWARESurvey_2018",
        "surface": "asphalt",
        "width": "2.5"
      },
      "geometry": {
        "type": "LineString",
        "coordinates": [
          [
            110.3905867,
            -7.0831452
          ],
          [
            110.3904868,
            -7.0831383
          ]
        ]
      },
      "id": "way/583912343"
    },
    {
      "type": "Feature",
      "properties": {
        "@id": "way/583912345",
        "highway": "residential",
        "lanes": "1",
        "motorcycle": "yes",
        "name": "Jalan Pakintelan III",
        "oneway": "no",
        "smoothness": "intermediate",
        "source": "HOT_InAWARESurvey_2018",
        "surface": "asphalt",
        "width": "2.5"
      },
      "geometry": {
        "type": "LineString",
        "coordinates": [
          [
            110.3936975,
            -7.0837448
          ],
          [
            110.3936686,
            -7.0837248
          ],
          [
            110.393623,
            -7.0836809
          ],
          [
            110.3935841,
            -7.0836596
          ],
          [
            110.3935466,
            -7.0836582
          ],
          [
            110.3934795,
            -7.0836663
          ],
          [
            110.3931999,
            -7.0836443
          ],
          [
            110.3928157,
            -7.0834999
          ],
          [
            110.3924817,
            -7.083383
          ],
          [
            110.3924016,
            -7.0833537
          ],
          [
            110.3923724,
            -7.0833455
          ],
          [
            110.3920841,
            -7.0832723
          ],
          [
            110.3918782,
            -7.0832449
          ],
          [
            110.3917928,
            -7.083268
          ],
          [
            110.3917622,
            -7.0832763
          ],
          [
            110.3917193,
            -7.0832839
          ],
          [
            110.3915385,
            -7.0832735
          ],
          [
            110.3914122,
            -7.0832563
          ],
          [
            110.3913236,
            -7.0832483
          ],
          [
            110.390738,
            -7.0831607
          ],
          [
            110.3905867,
            -7.0831452
          ]
        ]
      },
      "id": "way/583912345"
    },
    {
      "type": "Feature",
      "properties": {
        "@id": "way/583912346",
        "highway": "living_street",
        "lanes": "1",
        "motorcycle": "yes",
        "oneway": "no",
        "smoothness": "intermediate",
        "source": "HOT_InAWARESurvey_2018",
        "surface": "paving_stones",
        "width": "2"
      },
      "geometry": {
        "type": "LineString",
        "coordinates": [
          [
            110.3882576,
            -7.0823915
          ],
          [
            110.3883696,
            -7.0824262
          ],
          [
            110.388376,
            -7.0824262
          ],
          [
            110.3883813,
            -7.0824249
          ],
          [
            110.3884356,
            -7.0823207
          ],
          [
            110.3884465,
            -7.0823068
          ],
          [
            110.3884538,
            -7.0823038
          ],
          [
            110.3884605,
            -7.0823041
          ],
          [
            110.3885865,
            -7.082331
          ],
          [
            110.3885949,
            -7.0823304
          ],
          [
            110.3886006,
            -7.082326
          ],
          [
            110.3886127,
            -7.0822728
          ],
          [
            110.3886207,
            -7.0822662
          ],
          [
            110.3886311,
            -7.0822628
          ],
          [
            110.3887432,
            -7.0822851
          ],
          [
            110.3887672,
            -7.0823028
          ],
          [
            110.3887783,
            -7.0823254
          ],
          [
            110.3887861,
            -7.0823777
          ],
          [
            110.3887519,
            -7.082558
          ],
          [
            110.3888433,
            -7.0826002
          ],
          [
            110.3888574,
            -7.0826109
          ],
          [
            110.3888628,
            -7.0826308
          ],
          [
            110.3888527,
            -7.0827399
          ],
          [
            110.3888442,
            -7.0828095
          ],
          [
            110.3888363,
            -7.0828741
          ],
          [
            110.3888128,
            -7.0830609
          ]
        ]
      },
      "id": "way/583912346"
    },
    {
      "type": "Feature",
      "properties": {
        "@id": "way/583912351",
        "highway": "residential",
        "lanes": "1",
        "motorcycle": "yes",
        "name": "Jalan Dukuh Mangunsari",
        "oneway": "no",
        "smoothness": "intermediate",
        "source": "HOT_InAWARESurvey_2018",
        "surface": "paving_stones",
        "width": "2"
      },
      "geometry": {
        "type": "LineString",
        "coordinates": [
          [
            110.3877148,
            -7.0849312
          ],
          [
            110.3877667,
            -7.0844665
          ],
          [
            110.3879099,
            -7.0838978
          ],
          [
            110.3879287,
            -7.0838549
          ],
          [
            110.3880211,
            -7.0836443
          ],
          [
            110.3880447,
            -7.0835904
          ],
          [
            110.38809,
            -7.0834997
          ],
          [
            110.3881969,
            -7.0832856
          ],
          [
            110.3882023,
            -7.083253
          ],
          [
            110.3882016,
            -7.0832211
          ],
          [
            110.3881858,
            -7.0829808
          ]
        ]
      },
      "id": "way/583912351"
    },
    {
      "type": "Feature",
      "properties": {
        "@id": "way/583912353",
        "highway": "living_street",
        "lanes": "1",
        "motorcycle": "yes",
        "name": "Jalan Kyai Saleh III",
        "oneway": "no",
        "smoothness": "intermediate",
        "source": "HOT_InAWARESurvey_2018",
        "surface": "paving_stones",
        "width": "2"
      },
      "geometry": {
        "type": "LineString",
        "coordinates": [
          [
            110.3892453,
            -7.0799675
          ],
          [
            110.3896379,
            -7.0799531
          ],
          [
            110.3896628,
            -7.0799431
          ],
          [
            110.3896789,
            -7.0799298
          ],
          [
            110.3896913,
            -7.0799062
          ]
        ]
      },
      "id": "way/583912353"
    },
    {
      "type": "Feature",
      "properties": {
        "@id": "way/583912355",
        "highway": "living_street",
        "lanes": "1",
        "motorcycle": "yes",
        "name": "Jalan Kyai Saleh V",
        "oneway": "no",
        "smoothness": "intermediate",
        "source": "HOT_InAWARESurvey_2018",
        "surface": "paving_stones",
        "width": "1"
      },
      "geometry": {
        "type": "LineString",
        "coordinates": [
          [
            110.3887418,
            -7.0793082
          ],
          [
            110.388422,
            -7.0792491
          ],
          [
            110.3884039,
            -7.0792458
          ]
        ]
      },
      "id": "way/583912355"
    },
    {
      "type": "Feature",
      "properties": {
        "@id": "way/583912357",
        "highway": "residential",
        "lanes": "1",
        "motorcycle": "yes",
        "name": "Jalan Kyai Saleh V",
        "oneway": "no",
        "smoothness": "bad",
        "source": "HOT_InAWARESurvey_2018",
        "surface": "gravel",
        "width": "2"
      },
      "geometry": {
        "type": "LineString",
        "coordinates": [
          [
            110.3884039,
            -7.0792458
          ],
          [
            110.3882633,
            -7.0792051
          ],
          [
            110.3881829,
            -7.0791805
          ],
          [
            110.388028,
            -7.0791303
          ],
          [
            110.3879301,
            -7.079112
          ],
          [
            110.3877157,
            -7.0791024
          ]
        ]
      },
      "id": "way/583912357"
    },
    {
      "type": "Feature",
      "properties": {
        "@id": "way/583912358",
        "highway": "living_street",
        "lanes": "1",
        "motorcycle": "yes",
        "name": "Jalan Kyai Saleh III",
        "oneway": "no",
        "smoothness": "intermediate",
        "source": "HOT_InAWARESurvey_2018",
        "surface": "paving_stones",
        "width": "1.5"
      },
      "geometry": {
        "type": "LineString",
        "coordinates": [
          [
            110.3896913,
            -7.0799062
          ],
          [
            110.3896934,
            -7.0796869
          ],
          [
            110.389692,
            -7.0795143
          ]
        ]
      },
      "id": "way/583912358"
    },
    {
      "type": "Feature",
      "properties": {
        "@id": "way/583912361",
        "highway": "residential",
        "lanes": "1",
        "motorcycle": "yes",
        "name": "Jalan Kyai Saleh I",
        "oneway": "no",
        "smoothness": "intermediate",
        "source": "HOT_InAWARESurvey_2018",
        "surface": "paving_stones",
        "width": "2"
      },
      "geometry": {
        "type": "LineString",
        "coordinates": [
          [
            110.3887368,
            -7.0787021
          ],
          [
            110.3887261,
            -7.0790232
          ],
          [
            110.3887237,
            -7.0790471
          ],
          [
            110.3887418,
            -7.0793082
          ],
          [
            110.3887465,
            -7.0793552
          ],
          [
            110.3887546,
            -7.0795023
          ],
          [
            110.388783,
            -7.0795392
          ],
          [
            110.3888085,
            -7.0795565
          ],
          [
            110.3888467,
            -7.0795691
          ],
          [
            110.3891449,
            -7.0795435
          ],
          [
            110.389692,
            -7.0795143
          ]
        ]
      },
      "id": "way/583912361"
    },
    {
      "type": "Feature",
      "properties": {
        "@id": "way/583912363",
        "highway": "residential",
        "lanes": "1",
        "motorcycle": "yes",
        "name": "Jalan Watusari",
        "oneway": "no",
        "smoothness": "intermediate",
        "source": "HOT_InAWARESurvey_2018",
        "surface": "paving_stones",
        "width": "2"
      },
      "geometry": {
        "type": "LineString",
        "coordinates": [
          [
            110.3929733,
            -7.0798453
          ],
          [
            110.3926125,
            -7.0798187
          ],
          [
            110.3923148,
            -7.0798027
          ],
          [
            110.3922497,
            -7.0797981
          ],
          [
            110.3922283,
            -7.0797847
          ],
          [
            110.3922162,
            -7.0797548
          ],
          [
            110.3922048,
            -7.079667
          ]
        ]
      },
      "id": "way/583912363"
    },
    {
      "type": "Feature",
      "properties": {
        "@id": "way/583912364",
        "highway": "living_street",
        "lanes": "1",
        "motorcycle": "yes",
        "name": "Jalan Watusari",
        "oneway": "no",
        "smoothness": "intermediate",
        "source": "HOT_InAWARESurvey_2018",
        "surface": "paving_stones",
        "width": "2"
      },
      "geometry": {
        "type": "LineString",
        "coordinates": [
          [
            110.393026,
            -7.0822823
          ],
          [
            110.3930631,
            -7.0822103
          ],
          [
            110.3932549,
            -7.0818815
          ],
          [
            110.3933287,
            -7.0816899
          ],
          [
            110.3933994,
            -7.0812831
          ],
          [
            110.3935003,
            -7.0808847
          ],
          [
            110.3935095,
            -7.0808709
          ],
          [
            110.3935181,
            -7.0808662
          ],
          [
            110.3935325,
            -7.0808647
          ],
          [
            110.3937759,
            -7.080924
          ],
          [
            110.3938027,
            -7.0809186
          ],
          [
            110.3938182,
            -7.080906
          ],
          [
            110.3938785,
            -7.080713
          ],
          [
            110.393912,
            -7.0805879
          ],
          [
            110.3939389,
            -7.0804069
          ],
          [
            110.3939701,
            -7.0801863
          ],
          [
            110.3940274,
            -7.079989
          ]
        ]
      },
      "id": "way/583912364"
    },
    {
      "type": "Feature",
      "properties": {
        "@id": "way/583912366",
        "highway": "residential",
        "lanes": "1",
        "motorcycle": "yes",
        "name": "Jalan Mangunsari",
        "oneway": "no",
        "smoothness": "intermediate",
        "source": "HOT_InAWARESurvey_2018",
        "surface": "asphalt",
        "width": "2.5"
      },
      "geometry": {
        "type": "LineString",
        "coordinates": [
          [
            110.3948421,
            -7.0854915
          ],
          [
            110.3957556,
            -7.0853828
          ],
          [
            110.3960511,
            -7.0854137
          ],
          [
            110.3966737,
            -7.0855176
          ]
        ]
      },
      "id": "way/583912366"
    },
    {
      "type": "Feature",
      "properties": {
        "@id": "way/583912367",
        "highway": "residential",
        "lanes": "1",
        "motorcycle": "yes",
        "name": "Jalan Watusari",
        "oneway": "no",
        "smoothness": "intermediate",
        "source": "HOT_InAWARESurvey_2018",
        "surface": "asphalt",
        "width": "2"
      },
      "geometry": {
        "type": "LineString",
        "coordinates": [
          [
            110.398514,
            -7.0809865
          ],
          [
            110.3987655,
            -7.0802392
          ],
          [
            110.3988182,
            -7.0799987
          ],
          [
            110.3988866,
            -7.0795169
          ],
          [
            110.3988786,
            -7.0790015
          ],
          [
            110.3988882,
            -7.0789333
          ]
        ]
      },
      "id": "way/583912367"
    },
    {
      "type": "Feature",
      "properties": {
        "@id": "way/583912368",
        "highway": "living_street",
        "lanes": "1",
        "motorcycle": "yes",
        "oneway": "no",
        "smoothness": "intermediate",
        "source": "HOT_InAWARESurvey_2018",
        "surface": "concrete",
        "width": "2"
      },
      "geometry": {
        "type": "LineString",
        "coordinates": [
          [
            110.3958023,
            -7.0861996
          ],
          [
            110.3957755,
            -7.0864618
          ]
        ]
      },
      "id": "way/583912368"
    },
    {
      "type": "Feature",
      "properties": {
        "@id": "way/583912369",
        "highway": "living_street",
        "lanes": "1",
        "motorcycle": "yes",
        "oneway": "no",
        "smoothness": "intermediate",
        "source": "HOT_InAWARESurvey_2018",
        "surface": "paving_stones",
        "width": "2"
      },
      "geometry": {
        "type": "LineString",
        "coordinates": [
          [
            110.3968817,
            -7.0868164
          ],
          [
            110.3965929,
            -7.086992
          ],
          [
            110.3964145,
            -7.0871478
          ],
          [
            110.3963475,
            -7.087185
          ],
          [
            110.3962652,
            -7.0872107
          ],
          [
            110.3961597,
            -7.0872343
          ],
          [
            110.3960431,
            -7.0872875
          ],
          [
            110.3958992,
            -7.0873731
          ],
          [
            110.3957614,
            -7.0874273
          ],
          [
            110.395681,
            -7.0874539
          ],
          [
            110.3955657,
            -7.0874579
          ],
          [
            110.3954248,
            -7.0874525
          ],
          [
            110.3952664,
            -7.0874133
          ]
        ]
      },
      "id": "way/583912369"
    },
    {
      "type": "Feature",
      "properties": {
        "@id": "way/583912370",
        "highway": "living_street",
        "lanes": "1",
        "motorcycle": "yes",
        "name": "Jalan Bambu II",
        "oneway": "no",
        "smoothness": "intermediate",
        "source": "HOT_InAWARESurvey_2018",
        "surface": "paving_stones",
        "width": "1.3"
      },
      "geometry": {
        "type": "LineString",
        "coordinates": [
          [
            110.3949123,
            -7.0874198
          ],
          [
            110.3949089,
            -7.0874772
          ],
          [
            110.3949073,
            -7.087592
          ],
          [
            110.3949173,
            -7.08779
          ],
          [
            110.3949086,
            -7.087947
          ],
          [
            110.3949079,
            -7.0880957
          ],
          [
            110.3948891,
            -7.0882651
          ],
          [
            110.3948848,
            -7.0884444
          ],
          [
            110.3948736,
            -7.0885487
          ],
          [
            110.3948606,
            -7.0886064
          ],
          [
            110.3948491,
            -7.0886547
          ],
          [
            110.3948408,
            -7.0887024
          ],
          [
            110.3948388,
            -7.0887459
          ],
          [
            110.3948384,
            -7.0887771
          ]
        ]
      },
      "id": "way/583912370"
    },
    {
      "type": "Feature",
      "properties": {
        "@id": "way/583912371",
        "highway": "living_street",
        "lanes": "1",
        "motorcar": "destination",
        "motorcycle": "yes",
        "name": "Jalan Bambu II",
        "oneway": "no",
        "smoothness": "intermediate",
        "source": "HOT_InAWARESurvey_2018",
        "surface": "paving_stones",
        "width": "2"
      },
      "geometry": {
        "type": "LineString",
        "coordinates": [
          [
            110.3945244,
            -7.0878524
          ],
          [
            110.3945363,
            -7.0878026
          ],
          [
            110.3945551,
            -7.0877294
          ],
          [
            110.394586,
            -7.0876275
          ],
          [
            110.394598,
            -7.0875124
          ],
          [
            110.3946,
            -7.0874193
          ],
          [
            110.3946,
            -7.0873674
          ],
          [
            110.3946074,
            -7.0873195
          ],
          [
            110.3946195,
            -7.0872968
          ],
          [
            110.3946403,
            -7.0872868
          ],
          [
            110.3946601,
            -7.0872921
          ],
          [
            110.3949123,
            -7.0874198
          ],
          [
            110.3951671,
            -7.0874101
          ],
          [
            110.3952664,
            -7.0874133
          ]
        ]
      },
      "id": "way/583912371"
    },
    {
      "type": "Feature",
      "properties": {
        "@id": "way/583912372",
        "highway": "residential",
        "lanes": "1",
        "motorcycle": "yes",
        "name": "Jalan Bambu I",
        "oneway": "no",
        "smoothness": "intermediate",
        "source": "HOT_InAWARESurvey_2018",
        "surface": "paving_stones",
        "width": "2"
      },
      "geometry": {
        "type": "LineString",
        "coordinates": [
          [
            110.3938641,
            -7.0897042
          ],
          [
            110.3936106,
            -7.0887393
          ]
        ]
      },
      "id": "way/583912372"
    },
    {
      "type": "Feature",
      "properties": {
        "@id": "way/583912373",
        "highway": "living_street",
        "lanes": "1",
        "motorcycle": "yes",
        "name": "Gang Pring Kuning",
        "oneway": "no",
        "smoothness": "intermediate",
        "source": "HOT_InAWARESurvey_2018",
        "surface": "paving_stones",
        "width": "1"
      },
      "geometry": {
        "type": "LineString",
        "coordinates": [
          [
            110.3945005,
            -7.0886304
          ],
          [
            110.3945136,
            -7.0882029
          ],
          [
            110.3945244,
            -7.0878524
          ]
        ]
      },
      "id": "way/583912373"
    },
    {
      "type": "Feature",
      "properties": {
        "@id": "way/583912374",
        "highway": "living_street",
        "lanes": "1",
        "motorcycle": "yes",
        "name": "Gang Pring Petung",
        "oneway": "no",
        "smoothness": "intermediate",
        "source": "HOT_InAWARESurvey_2018",
        "surface": "paving_stones",
        "width": "1"
      },
      "geometry": {
        "type": "LineString",
        "coordinates": [
          [
            110.3942068,
            -7.0886024
          ],
          [
            110.3941594,
            -7.0881332
          ],
          [
            110.3941595,
            -7.0881093
          ],
          [
            110.3941923,
            -7.0879636
          ],
          [
            110.3942051,
            -7.0879316
          ],
          [
            110.3942326,
            -7.087913
          ],
          [
            110.394305,
            -7.0879131
          ],
          [
            110.3943546,
            -7.0878997
          ],
          [
            110.3943921,
            -7.0878837
          ],
          [
            110.3944256,
            -7.0878651
          ],
          [
            110.3945244,
            -7.0878524
          ],
          [
            110.3949073,
            -7.087592
          ]
        ]
      },
      "id": "way/583912374"
    },
    {
      "type": "Feature",
      "properties": {
        "@id": "way/583912375",
        "highway": "living_street",
        "lanes": "1",
        "motorcycle": "yes",
        "name": "Gang Pring Wulung",
        "oneway": "no",
        "smoothness": "intermediate",
        "source": "HOT_InAWARESurvey_2018",
        "surface": "ground",
        "width": "1"
      },
      "geometry": {
        "type": "LineString",
        "coordinates": [
          [
            110.3938431,
            -7.088321
          ],
          [
            110.3939188,
            -7.0884627
          ],
          [
            110.3939295,
            -7.0886987
          ]
        ]
      },
      "id": "way/583912375"
    },
    {
      "type": "Feature",
      "properties": {
        "@id": "way/583912376",
        "highway": "living_street",
        "lanes": "1",
        "motorcycle": "yes",
        "oneway": "no",
        "smoothness": "intermediate",
        "source": "HOT_InAWARESurvey_2018",
        "surface": "paving_stones",
        "width": "1"
      },
      "geometry": {
        "type": "LineString",
        "coordinates": [
          [
            110.3946441,
            -7.0886927
          ],
          [
            110.3946127,
            -7.0887592
          ],
          [
            110.394575,
            -7.0888438
          ],
          [
            110.3945505,
            -7.0889222
          ],
          [
            110.3945495,
            -7.0890475
          ],
          [
            110.3945542,
            -7.0892085
          ],
          [
            110.3945649,
            -7.0893309
          ],
          [
            110.394564,
            -7.0895858
          ]
        ]
      },
      "id": "way/583912376"
    },
    {
      "type": "Feature",
      "properties": {
        "@id": "way/583912378",
        "highway": "living_street",
        "lanes": "1",
        "motorcycle": "yes",
        "name": "Gang Pring Apus",
        "oneway": "no",
        "smoothness": "intermediate",
        "source": "HOT_InAWARESurvey_2018",
        "surface": "concrete",
        "width": "1"
      },
      "geometry": {
        "type": "LineString",
        "coordinates": [
          [
            110.394484,
            -7.0886232
          ],
          [
            110.3944176,
            -7.0887129
          ],
          [
            110.3944075,
            -7.088738
          ],
          [
            110.394397,
            -7.0887789
          ],
          [
            110.3943818,
            -7.0888376
          ],
          [
            110.394376,
            -7.0888566
          ],
          [
            110.3943682,
            -7.0888813
          ],
          [
            110.3943445,
            -7.0889519
          ],
          [
            110.394322,
            -7.0890124
          ],
          [
            110.3943103,
            -7.0890491
          ],
          [
            110.3942898,
            -7.0891271
          ],
          [
            110.3942603,
            -7.0892133
          ],
          [
            110.3942345,
            -7.0892911
          ],
          [
            110.3942132,
            -7.089436
          ],
          [
            110.3942162,
            -7.0896446
          ]
        ]
      },
      "id": "way/583912378"
    },
    {
      "type": "Feature",
      "properties": {
        "@id": "way/583912379",
        "highway": "residential",
        "lanes": "1",
        "motorcycle": "yes",
        "name": "Jalan Rotan I",
        "oneway": "no",
        "smoothness": "intermediate",
        "source": "HOT_InAWARESurvey_2018",
        "surface": "asphalt",
        "width": "2"
      },
      "geometry": {
        "type": "LineString",
        "coordinates": [
          [
            110.3936106,
            -7.0887393
          ],
          [
            110.3936123,
            -7.0887155
          ],
          [
            110.3936271,
            -7.0887029
          ],
          [
            110.3936559,
            -7.0887015
          ],
          [
            110.3939295,
            -7.0886987
          ],
          [
            110.3939768,
            -7.0886823
          ],
          [
            110.3942068,
            -7.0886024
          ],
          [
            110.3942681,
            -7.0885778
          ],
          [
            110.3942936,
            -7.0885711
          ],
          [
            110.3943255,
            -7.0885723
          ],
          [
            110.394484,
            -7.0886232
          ],
          [
            110.3945005,
            -7.0886304
          ],
          [
            110.3946441,
            -7.0886927
          ],
          [
            110.3948384,
            -7.0887771
          ],
          [
            110.3952058,
            -7.0889365
          ]
        ]
      },
      "id": "way/583912379"
    },
    {
      "type": "Feature",
      "properties": {
        "@id": "way/583912380",
        "highway": "living_street",
        "lanes": "1",
        "motorcycle": "yes",
        "oneway": "no",
        "smoothness": "intermediate",
        "source": "HOT_InAWARESurvey_2018",
        "surface": "concrete",
        "width": "2"
      },
      "geometry": {
        "type": "LineString",
        "coordinates": [
          [
            110.3938641,
            -7.0897042
          ],
          [
            110.393723,
            -7.0899279
          ]
        ]
      },
      "id": "way/583912380"
    },
    {
      "type": "Feature",
      "properties": {
        "@id": "way/583912381",
        "highway": "living_street",
        "lanes": "1",
        "oneway": "no",
        "smoothness": "bad",
        "source": "HOT_InAWARESurvey_2018",
        "surface": "concrete",
        "width": "1.5"
      },
      "geometry": {
        "type": "LineString",
        "coordinates": [
          [
            110.3947562,
            -7.0895533
          ],
          [
            110.3948136,
            -7.0899848
          ],
          [
            110.3948103,
            -7.0900015
          ],
          [
            110.3947975,
            -7.0900209
          ],
          [
            110.3945279,
            -7.090235
          ],
          [
            110.3945189,
            -7.0902556
          ],
          [
            110.3945184,
            -7.0902681
          ],
          [
            110.3945249,
            -7.0902823
          ],
          [
            110.394598,
            -7.0903337
          ]
        ]
      },
      "id": "way/583912381"
    },
    {
      "type": "Feature",
      "properties": {
        "@id": "way/583912382",
        "highway": "residential",
        "lanes": "1",
        "motorcycle": "yes",
        "name": "Jalan Bambu I",
        "oneway": "no",
        "smoothness": "intermediate",
        "source": "HOT_InAWARESurvey_2018",
        "surface": "paving_stones",
        "width": "2"
      },
      "geometry": {
        "type": "LineString",
        "coordinates": [
          [
            110.3938641,
            -7.0897042
          ],
          [
            110.3942162,
            -7.0896446
          ],
          [
            110.394564,
            -7.0895858
          ],
          [
            110.3947562,
            -7.0895533
          ],
          [
            110.3949782,
            -7.0893929
          ]
        ]
      },
      "id": "way/583912382"
    },
    {
      "type": "Feature",
      "properties": {
        "@id": "way/583912383",
        "highway": "residential",
        "lanes": "1",
        "motorcycle": "yes",
        "name": "Gang Doman I",
        "oneway": "no",
        "smoothness": "intermediate",
        "source": "HOT_InAWARESurvey_2018",
        "surface": "paving_stones",
        "width": "2"
      },
      "geometry": {
        "type": "LineString",
        "coordinates": [
          [
            110.3980521,
            -7.0878784
          ],
          [
            110.3984463,
            -7.0879383
          ],
          [
            110.3986837,
            -7.0879224
          ]
        ]
      },
      "id": "way/583912383"
    },
    {
      "type": "Feature",
      "properties": {
        "@id": "way/583912384",
        "highway": "residential",
        "lanes": "1",
        "motorcycle": "yes",
        "name": "Jalan Dukuh",
        "oneway": "no",
        "smoothness": "intermediate",
        "source": "HOT_InAWARESurvey_2018",
        "surface": "asphalt",
        "width": "2.5"
      },
      "geometry": {
        "type": "LineString",
        "coordinates": [
          [
            110.3966737,
            -7.0855176
          ],
          [
            110.3966702,
            -7.0857482
          ]
        ]
      },
      "id": "way/583912384"
    },
    {
      "type": "Feature",
      "properties": {
        "@id": "way/583912385",
        "highway": "residential",
        "lanes": "1",
        "motorcycle": "yes",
        "name": "Jalan Winong Sari Raya",
        "oneway": "no",
        "smoothness": "intermediate",
        "source": "HOT_InAWARESurvey_2018",
        "surface": "asphalt",
        "width": "2"
      },
      "geometry": {
        "type": "LineString",
        "coordinates": [
          [
            110.3970409,
            -7.089481
          ],
          [
            110.3967525,
            -7.0894275
          ],
          [
            110.3964065,
            -7.0893903
          ],
          [
            110.3961563,
            -7.089356
          ],
          [
            110.3960376,
            -7.0893331
          ],
          [
            110.3960041,
            -7.0893184
          ],
          [
            110.3958862,
            -7.0892545
          ],
          [
            110.3957547,
            -7.0892146
          ],
          [
            110.3956636,
            -7.0892079
          ],
          [
            110.3955066,
            -7.0892186
          ],
          [
            110.3952022,
            -7.0893743
          ],
          [
            110.3951003,
            -7.0893916
          ],
          [
            110.3949782,
            -7.0893929
          ]
        ]
      },
      "id": "way/583912385"
    },
    {
      "type": "Feature",
      "properties": {
        "@id": "way/583912387",
        "highway": "residential",
        "lanes": "1",
        "motorcycle": "yes",
        "name": "Gang Durian 9",
        "oneway": "no",
        "smoothness": "intermediate",
        "source": "HOT_InAWARESurvey_2018",
        "surface": "asphalt",
        "width": "2"
      },
      "geometry": {
        "type": "LineString",
        "coordinates": [
          [
            110.399035,
            -7.0905162
          ],
          [
            110.3986062,
            -7.0905504
          ],
          [
            110.3979611,
            -7.0906018
          ],
          [
            110.3977945,
            -7.090622
          ]
        ]
      },
      "id": "way/583912387"
    },
    {
      "type": "Feature",
      "properties": {
        "@id": "way/583912388",
        "highway": "living_street",
        "lanes": "1",
        "motorcycle": "yes",
        "name": "Gang Durian 8",
        "oneway": "no",
        "smoothness": "intermediate",
        "source": "HOT_InAWARESurvey_2018",
        "surface": "paving_stones",
        "width": "1.5"
      },
      "geometry": {
        "type": "LineString",
        "coordinates": [
          [
            110.398762,
            -7.09158
          ],
          [
            110.3987497,
            -7.0919603
          ],
          [
            110.3987272,
            -7.0922335
          ]
        ]
      },
      "id": "way/583912388"
    },
    {
      "type": "Feature",
      "properties": {
        "@id": "way/583912389",
        "highway": "residential",
        "lanes": "1",
        "motorcycle": "yes",
        "name": "Gang Durian 8",
        "oneway": "no",
        "smoothness": "intermediate",
        "source": "HOT_InAWARESurvey_2018",
        "surface": "asphalt",
        "width": "2"
      },
      "geometry": {
        "type": "LineString",
        "coordinates": [
          [
            110.3981767,
            -7.091469
          ],
          [
            110.398762,
            -7.09158
          ],
          [
            110.3992295,
            -7.0916447
          ],
          [
            110.3992684,
            -7.0916534
          ],
          [
            110.3992899,
            -7.0916647
          ],
          [
            110.3993049,
            -7.0916921
          ],
          [
            110.3993827,
            -7.0922952
          ]
        ]
      },
      "id": "way/583912389"
    },
    {
      "type": "Feature",
      "properties": {
        "@id": "way/583912390",
        "highway": "residential",
        "lanes": "1",
        "motorcycle": "yes",
        "name": "Gang Durian 7",
        "oneway": "no",
        "smoothness": "good",
        "source": "HOT_InAWARESurvey_2018",
        "surface": "paving_stones",
        "width": "3"
      },
      "geometry": {
        "type": "LineString",
        "coordinates": [
          [
            110.4000087,
            -7.0921919
          ],
          [
            110.3998615,
            -7.0922193
          ],
          [
            110.3996466,
            -7.0922662
          ],
          [
            110.3993827,
            -7.0922952
          ]
        ]
      },
      "id": "way/583912390"
    },
    {
      "type": "Feature",
      "properties": {
        "@id": "way/583912391",
        "highway": "living_street",
        "lanes": "1",
        "motorcycle": "yes",
        "name": "Gang Durian 4",
        "oneway": "no",
        "smoothness": "intermediate",
        "source": "HOT_InAWARESurvey_2018",
        "surface": "paving_stones",
        "width": "1.3"
      },
      "geometry": {
        "type": "LineString",
        "coordinates": [
          [
            110.3987752,
            -7.0944676
          ],
          [
            110.3986005,
            -7.094514
          ],
          [
            110.3980295,
            -7.0947157
          ]
        ]
      },
      "id": "way/583912391"
    },
    {
      "type": "Feature",
      "properties": {
        "@id": "way/583912392",
        "highway": "living_street",
        "lanes": "1",
        "motorcycle": "yes",
        "name": "Gang Durian 3",
        "oneway": "no",
        "smoothness": "intermediate",
        "source": "HOT_InAWARESurvey_2018",
        "surface": "paving_stones",
        "width": "1.5"
      },
      "geometry": {
        "type": "LineString",
        "coordinates": [
          [
            110.3990613,
            -7.0963494
          ],
          [
            110.398673,
            -7.0963639
          ]
        ]
      },
      "id": "way/583912392"
    },
    {
      "type": "Feature",
      "properties": {
        "@id": "way/583912393",
        "highway": "residential",
        "lanes": "1",
        "motorcycle": "no",
        "name": "Gang Durian 2",
        "oneway": "no",
        "smoothness": "bad",
        "source": "HOT_InAWARESurvey_2018",
        "surface": "ground",
        "width": "2"
      },
      "geometry": {
        "type": "LineString",
        "coordinates": [
          [
            110.3994066,
            -7.0977266
          ],
          [
            110.3991115,
            -7.0976654
          ],
          [
            110.3988547,
            -7.0976648
          ]
        ]
      },
      "id": "way/583912393"
    },
    {
      "type": "Feature",
      "properties": {
        "@id": "way/583912394",
        "highway": "residential",
        "lanes": "1",
        "motorcycle": "yes",
        "name": "Gang Durian 1",
        "oneway": "no",
        "smoothness": "intermediate",
        "source": "HOT_InAWARESurvey_2018",
        "surface": "concrete",
        "width": "2"
      },
      "geometry": {
        "type": "LineString",
        "coordinates": [
          [
            110.3988547,
            -7.0976648
          ],
          [
            110.3985429,
            -7.0986223
          ],
          [
            110.3985026,
            -7.0986995
          ],
          [
            110.3984329,
            -7.098774
          ],
          [
            110.3981808,
            -7.0988778
          ],
          [
            110.3979018,
            -7.0990801
          ],
          [
            110.3978053,
            -7.0991626
          ],
          [
            110.3977838,
            -7.0992238
          ],
          [
            110.3977945,
            -7.099293
          ],
          [
            110.3979152,
            -7.0998972
          ],
          [
            110.3978965,
            -7.0999717
          ],
          [
            110.3978589,
            -7.1000356
          ],
          [
            110.3975424,
            -7.1002219
          ],
          [
            110.3974029,
            -7.1002619
          ],
          [
            110.3973439,
            -7.1002832
          ],
          [
            110.3973037,
            -7.1003297
          ],
          [
            110.397297,
            -7.1003776
          ],
          [
            110.3973144,
            -7.1007503
          ],
          [
            110.3973506,
            -7.1009645
          ],
          [
            110.3973627,
            -7.1009755
          ],
          [
            110.3973815,
            -7.1009872
          ],
          [
            110.3975263,
            -7.1010816
          ]
        ]
      },
      "id": "way/583912394"
    },
    {
      "type": "Feature",
      "properties": {
        "@id": "way/583912408",
        "highway": "living_street",
        "lanes": "1",
        "motorcar": "no",
        "oneway": "no",
        "smoothness": "bad",
        "source": "HOT_InAWARESurvey_2018",
        "surface": "grass",
        "width": "2"
      },
      "geometry": {
        "type": "LineString",
        "coordinates": [
          [
            110.3949911,
            -7.0908117
          ],
          [
            110.3950092,
            -7.0908519
          ],
          [
            110.3950226,
            -7.0908909
          ],
          [
            110.3950252,
            -7.0909214
          ],
          [
            110.3950254,
            -7.0909755
          ],
          [
            110.3950185,
            -7.0910272
          ],
          [
            110.394999,
            -7.091139
          ],
          [
            110.3950037,
            -7.0911756
          ],
          [
            110.3950171,
            -7.0912049
          ],
          [
            110.3952689,
            -7.0914431
          ]
        ]
      },
      "id": "way/583912408"
    },
    {
      "type": "Feature",
      "properties": {
        "@id": "way/583916032",
        "highway": "residential",
        "lanes": "1",
        "motorcycle": "yes",
        "oneway": "no",
        "smoothness": "intermediate",
        "source": "HOT_InAWARESurvey_2018",
        "surface": "paving_stones",
        "width": "2"
      },
      "geometry": {
        "type": "LineString",
        "coordinates": [
          [
            110.3974479,
            -7.078732
          ],
          [
            110.3974941,
            -7.0781102
          ]
        ]
      },
      "id": "way/583916032"
    },
    {
      "type": "Feature",
      "properties": {
        "@id": "way/583920337",
        "name": "Kali Lawang",
        "source": "HOT_InAWARESurvey_2018",
        "waterway": "stream",
        "width": "3"
      },
      "geometry": {
        "type": "LineString",
        "coordinates": [
          [
            110.3874043,
            -7.106405
          ],
          [
            110.387622,
            -7.10639
          ],
          [
            110.3877887,
            -7.1063223
          ],
          [
            110.3878109,
            -7.106266
          ],
          [
            110.3878427,
            -7.1062705
          ],
          [
            110.3878538,
            -7.1063059
          ],
          [
            110.3878691,
            -7.1063402
          ],
          [
            110.3879345,
            -7.1063691
          ],
          [
            110.387977,
            -7.1063796
          ],
          [
            110.388184,
            -7.1063447
          ],
          [
            110.3882541,
            -7.1063003
          ],
          [
            110.3883675,
            -7.1063669
          ],
          [
            110.3884659,
            -7.1064321
          ],
          [
            110.3885062,
            -7.1064039
          ],
          [
            110.3884615,
            -7.1062308
          ],
          [
            110.3884555,
            -7.1061035
          ],
          [
            110.3883377,
            -7.1059866
          ],
          [
            110.3882124,
            -7.1058918
          ],
          [
            110.3882711,
            -7.105802
          ],
          [
            110.388284,
            -7.1057823
          ],
          [
            110.3884182,
            -7.1056698
          ],
          [
            110.3884391,
            -7.1055011
          ],
          [
            110.3885763,
            -7.1054153
          ],
          [
            110.3888073,
            -7.1053607
          ],
          [
            110.3889204,
            -7.1053378
          ],
          [
            110.3890584,
            -7.1052803
          ],
          [
            110.389185,
            -7.1051495
          ],
          [
            110.3892029,
            -7.1051148
          ],
          [
            110.3892406,
            -7.1050409
          ],
          [
            110.3893493,
            -7.1049737
          ],
          [
            110.3896383,
            -7.1048943
          ],
          [
            110.3899455,
            -7.1047936
          ],
          [
            110.39039,
            -7.1043703
          ],
          [
            110.390563,
            -7.1041098
          ],
          [
            110.3905656,
            -7.1039594
          ],
          [
            110.3906406,
            -7.1038967
          ],
          [
            110.3906376,
            -7.1033876
          ],
          [
            110.3905571,
            -7.1031211
          ],
          [
            110.3905063,
            -7.1027659
          ],
          [
            110.390736,
            -7.1024847
          ],
          [
            110.3906316,
            -7.102091
          ],
          [
            110.3905034,
            -7.1018364
          ],
          [
            110.390575,
            -7.1015818
          ],
          [
            110.3906913,
            -7.1014782
          ],
          [
            110.3909956,
            -7.1015552
          ],
          [
            110.3912312,
            -7.1013835
          ],
          [
            110.391267,
            -7.1010964
          ],
          [
            110.3913088,
            -7.1008862
          ],
          [
            110.3914639,
            -7.1008684
          ],
          [
            110.3917383,
            -7.1008033
          ],
          [
            110.3921023,
            -7.100676
          ],
          [
            110.3921798,
            -7.1004836
          ],
          [
            110.3922127,
            -7.1002586
          ],
          [
            110.3921888,
            -7.0999863
          ],
          [
            110.3922335,
            -7.0997288
          ],
          [
            110.3922803,
            -7.0996192
          ],
          [
            110.392332,
            -7.0994979
          ],
          [
            110.3924543,
            -7.0994328
          ],
          [
            110.3927287,
            -7.0994831
          ],
          [
            110.3930282,
            -7.0995464
          ],
          [
            110.3932304,
            -7.0994499
          ],
          [
            110.3934387,
            -7.0993114
          ],
          [
            110.3935731,
            -7.0992333
          ],
          [
            110.393933,
            -7.0992557
          ],
          [
            110.3940759,
            -7.09946
          ],
          [
            110.3942263,
            -7.0996705
          ],
          [
            110.3943372,
            -7.0999345
          ],
          [
            110.3945035,
            -7.1001314
          ],
          [
            110.3947341,
            -7.1002592
          ],
          [
            110.3949078,
            -7.1003141
          ],
          [
            110.3953017,
            -7.1006424
          ],
          [
            110.3961906,
            -7.1008341
          ],
          [
            110.3966278,
            -7.1014889
          ],
          [
            110.396601,
            -7.1016752
          ],
          [
            110.3967297,
            -7.1019201
          ],
          [
            110.3971562,
            -7.1021064
          ],
          [
            110.3973895,
            -7.1024817
          ],
          [
            110.3973949,
            -7.1026653
          ],
          [
            110.3973681,
            -7.1027345
          ],
          [
            110.3972715,
            -7.1027638
          ],
          [
            110.3968772,
            -7.102825
          ],
          [
            110.3968021,
            -7.1031923
          ],
          [
            110.3969228,
            -7.1033281
          ],
          [
            110.3971481,
            -7.1033786
          ],
          [
            110.3974164,
            -7.10336
          ],
          [
            110.3976712,
            -7.1032961
          ],
          [
            110.3978616,
            -7.1032642
          ],
          [
            110.3979474,
            -7.1031205
          ],
          [
            110.3980467,
            -7.1029368
          ],
          [
            110.3981513,
            -7.1027452
          ],
          [
            110.3982612,
            -7.1026094
          ],
          [
            110.3984866,
            -7.1025376
          ],
          [
            110.3986475,
            -7.1026839
          ],
          [
            110.3987896,
            -7.1029102
          ],
          [
            110.3988111,
            -7.1031391
          ],
          [
            110.3990483,
            -7.103155
          ]
        ]
      },
      "id": "way/583920337"
    },
    {
      "type": "Feature",
      "properties": {
        "@id": "way/585086631",
        "bridge": "yes",
        "highway": "residential",
        "lanes": "1",
        "layer": "1",
        "motorcycle": "yes",
        "name": "Jalan Pakintelan II",
        "oneway": "no",
        "smoothness": "intermediate",
        "source": "HOT_InAWARESurvey_2018",
        "surface": "paving_stones",
        "width": "2.5"
      },
      "geometry": {
        "type": "LineString",
        "coordinates": [
          [
            110.391136,
            -7.0854469
          ],
          [
            110.3912386,
            -7.0854443
          ]
        ]
      },
      "id": "way/585086631"
    },
    {
      "type": "Feature",
      "properties": {
        "@id": "way/585086649",
        "highway": "residential",
        "lanes": "1",
        "motorcycle": "yes",
        "name": "Jalan Mangunsari",
        "oneway": "no",
        "smoothness": "intermediate",
        "source": "HOT_InAWARESurvey_2018",
        "surface": "paving_stones",
        "width": "2.5"
      },
      "geometry": {
        "type": "LineString",
        "coordinates": [
          [
            110.3864434,
            -7.0847942
          ],
          [
            110.3872675,
            -7.0849266
          ]
        ]
      },
      "id": "way/585086649"
    },
    {
      "type": "Feature",
      "properties": {
        "@id": "way/585086658",
        "highway": "residential",
        "lanes": "1",
        "motorcycle": "yes",
        "name": "Jalan Dukuh Mangunsari",
        "oneway": "no",
        "smoothness": "bad",
        "source": "HOT_InAWARESurvey_2018",
        "surface": "paving_stones",
        "width": "2"
      },
      "geometry": {
        "type": "LineString",
        "coordinates": [
          [
            110.3881415,
            -7.0829768
          ],
          [
            110.3882253,
            -7.082538
          ],
          [
            110.3882576,
            -7.0823915
          ],
          [
            110.3882931,
            -7.0822191
          ],
          [
            110.3884249,
            -7.081754
          ]
        ]
      },
      "id": "way/585086658"
    },
    {
      "type": "Feature",
      "properties": {
        "@id": "way/585393430",
        "highway": "residential",
        "lanes": "1",
        "motorcycle": "yes",
        "name": "Jalan Dukuh Mangunsari",
        "oneway": "no",
        "smoothness": "bad",
        "source": "HOT_InAWARESurvey_2018",
        "surface": "paving_stones",
        "width": "2"
      },
      "geometry": {
        "type": "LineString",
        "coordinates": [
          [
            110.3890847,
            -7.0819487
          ],
          [
            110.3889137,
            -7.0818805
          ],
          [
            110.3888306,
            -7.0818506
          ],
          [
            110.3887267,
            -7.081819
          ],
          [
            110.3886425,
            -7.0817987
          ],
          [
            110.3884249,
            -7.081754
          ],
          [
            110.3880083,
            -7.081668
          ],
          [
            110.3878667,
            -7.0816388
          ],
          [
            110.3874399,
            -7.0814985
          ]
        ]
      },
      "id": "way/585393430"
    },
    {
      "type": "Feature",
      "properties": {
        "@id": "way/590017820",
        "highway": "living_street",
        "lanes": "1",
        "motorcycle": "yes",
        "name": "Jalan Kyai Saleh IV",
        "oneway": "no",
        "smoothness": "intermediate",
        "source": "HOT_InAWARESurvey_2018",
        "surface": "paving_stones",
        "width": "2"
      },
      "geometry": {
        "type": "LineString",
        "coordinates": [
          [
            110.3891449,
            -7.0795435
          ],
          [
            110.3891773,
            -7.0799438
          ],
          [
            110.38919,
            -7.0799584
          ],
          [
            110.3892189,
            -7.0799677
          ],
          [
            110.3892453,
            -7.0799675
          ]
        ]
      },
      "id": "way/590017820"
    },
    {
      "type": "Feature",
      "properties": {
        "@id": "way/590017821",
        "highway": "residential",
        "lanes": "1",
        "motorcycle": "yes",
        "name": "Gang Mawar",
        "oneway": "no",
        "smoothness": "intermediate",
        "source": "HOT_InAWARESurvey_2018",
        "surface": "paving_stones",
        "width": "2"
      },
      "geometry": {
        "type": "LineString",
        "coordinates": [
          [
            110.3945473,
            -7.0959658
          ],
          [
            110.3948931,
            -7.0957903
          ],
          [
            110.3949823,
            -7.0957451
          ],
          [
            110.3954047,
            -7.0955308
          ]
        ]
      },
      "id": "way/590017821"
    },
    {
      "type": "Feature",
      "properties": {
        "@id": "way/590017822",
        "highway": "residential",
        "lanes": "1",
        "motorcycle": "yes",
        "oneway": "no",
        "smoothness": "intermediate",
        "source": "HOT_InAWARESurvey_2018",
        "surface": "paving_stones",
        "width": "2"
      },
      "geometry": {
        "type": "LineString",
        "coordinates": [
          [
            110.3896245,
            -7.0962082
          ],
          [
            110.3901482,
            -7.0961862
          ],
          [
            110.3901546,
            -7.0961865
          ],
          [
            110.3901622,
            -7.096181
          ],
          [
            110.3901684,
            -7.0961659
          ]
        ]
      },
      "id": "way/590017822"
    },
    {
      "type": "Feature",
      "properties": {
        "@id": "way/623694411",
        "highway": "secondary",
        "lanes": "2",
        "motorcycle": "yes",
        "name": "Jalan Mr. Koesbiyono Tjondrobirowo",
        "oneway": "no",
        "smoothness": "intermediate",
        "source": "HOT_InAWARESurvey_2018",
        "surface": "asphalt",
        "width": "4"
      },
      "geometry": {
        "type": "LineString",
        "coordinates": [
          [
            110.3884866,
            -7.0752016
          ],
          [
            110.3884262,
            -7.0753263
          ],
          [
            110.388197,
            -7.0757953
          ],
          [
            110.3881015,
            -7.0760056
          ],
          [
            110.387928,
            -7.0765454
          ],
          [
            110.3878623,
            -7.0767623
          ],
          [
            110.3877074,
            -7.0772448
          ],
          [
            110.387677,
            -7.0773422
          ],
          [
            110.3876343,
            -7.077479
          ],
          [
            110.3876102,
            -7.0775695
          ],
          [
            110.3875703,
            -7.077771
          ],
          [
            110.3875652,
            -7.077816
          ],
          [
            110.3875636,
            -7.0780057
          ],
          [
            110.387568,
            -7.0781211
          ],
          [
            110.3875834,
            -7.0782489
          ],
          [
            110.3876204,
            -7.0785158
          ],
          [
            110.3876366,
            -7.0786221
          ],
          [
            110.3877157,
            -7.0791024
          ],
          [
            110.3877631,
            -7.0794234
          ],
          [
            110.3877694,
            -7.0794661
          ],
          [
            110.3877879,
            -7.0795805
          ],
          [
            110.387802,
            -7.0797302
          ],
          [
            110.387814,
            -7.0798187
          ],
          [
            110.3878127,
            -7.0803198
          ],
          [
            110.387808,
            -7.0803963
          ],
          [
            110.3877852,
            -7.0805051
          ],
          [
            110.3876631,
            -7.0808515
          ],
          [
            110.3875652,
            -7.0811353
          ],
          [
            110.3874399,
            -7.0814985
          ],
          [
            110.3872685,
            -7.0820067
          ],
          [
            110.3872401,
            -7.0821351
          ],
          [
            110.3872146,
            -7.0822682
          ],
          [
            110.3871824,
            -7.0825829
          ],
          [
            110.3871693,
            -7.0828284
          ]
        ]
      },
      "id": "way/623694411"
    },
    {
      "type": "Feature",
      "properties": {
        "@id": "way/623778871",
        "highway": "residential"
      },
      "geometry": {
        "type": "LineString",
        "coordinates": [
          [
            110.3875652,
            -7.0811353
          ],
          [
            110.3877852,
            -7.0812008
          ]
        ]
      },
      "id": "way/623778871"
    },
    {
      "type": "Feature",
      "properties": {
        "@id": "way/623778873",
        "highway": "residential"
      },
      "geometry": {
        "type": "LineString",
        "coordinates": [
          [
            110.3887261,
            -7.0790232
          ],
          [
            110.3890599,
            -7.0790228
          ]
        ]
      },
      "id": "way/623778873"
    },
    {
      "type": "Feature",
      "properties": {
        "@id": "way/623778875",
        "highway": "service"
      },
      "geometry": {
        "type": "LineString",
        "coordinates": [
          [
            110.387814,
            -7.0798187
          ],
          [
            110.3879032,
            -7.07984
          ],
          [
            110.3880105,
            -7.0798766
          ]
        ]
      },
      "id": "way/623778875"
    },
    {
      "type": "Feature",
      "properties": {
        "@id": "way/623778877",
        "highway": "residential"
      },
      "geometry": {
        "type": "LineString",
        "coordinates": [
          [
            110.3877631,
            -7.0794234
          ],
          [
            110.3878918,
            -7.079474
          ],
          [
            110.3880836,
            -7.0796004
          ],
          [
            110.3882526,
            -7.0797322
          ]
        ]
      },
      "id": "way/623778877"
    },
    {
      "type": "Feature",
      "properties": {
        "@id": "way/623783006",
        "highway": "footway"
      },
      "geometry": {
        "type": "LineString",
        "coordinates": [
          [
            110.3882253,
            -7.082538
          ],
          [
            110.3884725,
            -7.0825802
          ],
          [
            110.388561,
            -7.0825949
          ],
          [
            110.3886576,
            -7.0825922
          ],
          [
            110.3887519,
            -7.082558
          ]
        ]
      },
      "id": "way/623783006"
    },
    {
      "type": "Feature",
      "properties": {
        "@id": "way/623783009",
        "highway": "residential"
      },
      "geometry": {
        "type": "LineString",
        "coordinates": [
          [
            110.3880083,
            -7.081668
          ],
          [
            110.3881896,
            -7.0812068
          ]
        ]
      },
      "id": "way/623783009"
    },
    {
      "type": "Feature",
      "properties": {
        "@id": "way/623966605",
        "highway": "residential"
      },
      "geometry": {
        "type": "LineString",
        "coordinates": [
          [
            110.3884143,
            -7.0885109
          ],
          [
            110.3883156,
            -7.0885605
          ],
          [
            110.3881145,
            -7.0886284
          ]
        ]
      },
      "id": "way/623966605"
    },
    {
      "type": "Feature",
      "properties": {
        "@id": "way/623966614",
        "highway": "residential"
      },
      "geometry": {
        "type": "LineString",
        "coordinates": [
          [
            110.3883381,
            -7.0883713
          ],
          [
            110.3880957,
            -7.0884241
          ],
          [
            110.3880112,
            -7.0884513
          ],
          [
            110.3879441,
            -7.0884733
          ],
          [
            110.3878865,
            -7.0884906
          ]
        ]
      },
      "id": "way/623966614"
    },
    {
      "type": "Feature",
      "properties": {
        "@id": "way/623966615",
        "highway": "residential"
      },
      "geometry": {
        "type": "LineString",
        "coordinates": [
          [
            110.3885608,
            -7.0887736
          ],
          [
            110.3886992,
            -7.0887208
          ]
        ]
      },
      "id": "way/623966615"
    },
    {
      "type": "Feature",
      "properties": {
        "@id": "way/623971889",
        "highway": "living_street",
        "motorcycle": "yes"
      },
      "geometry": {
        "type": "LineString",
        "coordinates": [
          [
            110.3984959,
            -7.0822808
          ],
          [
            110.3980916,
            -7.0821577
          ]
        ]
      },
      "id": "way/623971889"
    },
    {
      "type": "Feature",
      "properties": {
        "@id": "way/623971891",
        "highway": "service"
      },
      "geometry": {
        "type": "LineString",
        "coordinates": [
          [
            110.3996238,
            -7.0809486
          ],
          [
            110.3995487,
            -7.08091
          ],
          [
            110.3994971,
            -7.0809073
          ],
          [
            110.3994548,
            -7.080914
          ],
          [
            110.3990552,
            -7.0812121
          ],
          [
            110.3990109,
            -7.0812208
          ],
          [
            110.3989667,
            -7.0812148
          ],
          [
            110.398677,
            -7.0810737
          ],
          [
            110.398514,
            -7.0809865
          ]
        ]
      },
      "id": "way/623971891"
    },
    {
      "type": "Feature",
      "properties": {
        "@id": "way/623971893",
        "highway": "service"
      },
      "geometry": {
        "type": "LineString",
        "coordinates": [
          [
            110.3982431,
            -7.0800868
          ],
          [
            110.3987655,
            -7.0802392
          ]
        ]
      },
      "id": "way/623971893"
    },
    {
      "type": "Feature",
      "properties": {
        "@id": "way/623971895",
        "highway": "residential"
      },
      "geometry": {
        "type": "LineString",
        "coordinates": [
          [
            110.3998543,
            -7.0791667
          ],
          [
            110.3992255,
            -7.0790459
          ]
        ]
      },
      "id": "way/623971895"
    },
    {
      "type": "Feature",
      "properties": {
        "@id": "way/623975751",
        "highway": "residential"
      },
      "geometry": {
        "type": "LineString",
        "coordinates": [
          [
            110.3882848,
            -7.0843357
          ],
          [
            110.3883867,
            -7.0843463
          ],
          [
            110.3884672,
            -7.0843197
          ],
          [
            110.3885289,
            -7.0843011
          ],
          [
            110.3885644,
            -7.0842984
          ],
          [
            110.3885966,
            -7.0843057
          ],
          [
            110.3887521,
            -7.0843889
          ],
          [
            110.3887803,
            -7.0843962
          ],
          [
            110.3888252,
            -7.0843942
          ],
          [
            110.388895,
            -7.084353
          ],
          [
            110.3889473,
            -7.0843383
          ],
          [
            110.3890468,
            -7.0843458
          ]
        ]
      },
      "id": "way/623975751"
    },
    {
      "type": "Feature",
      "properties": {
        "@id": "way/623975752",
        "highway": "path"
      },
      "geometry": {
        "type": "LineString",
        "coordinates": [
          [
            110.3880777,
            -7.0850137
          ],
          [
            110.3880432,
            -7.0851367
          ],
          [
            110.3880337,
            -7.0851615
          ],
          [
            110.3880279,
            -7.0851701
          ],
          [
            110.3880177,
            -7.0851787
          ],
          [
            110.3880025,
            -7.0851902
          ],
          [
            110.3879955,
            -7.0851979
          ],
          [
            110.3879894,
            -7.0852122
          ],
          [
            110.3879598,
            -7.0853571
          ]
        ]
      },
      "id": "way/623975752"
    },
    {
      "type": "Feature",
      "properties": {
        "@id": "way/623975753",
        "highway": "service",
        "service": "driveway"
      },
      "geometry": {
        "type": "LineString",
        "coordinates": [
          [
            110.3899073,
            -7.0831481
          ],
          [
            110.3898847,
            -7.0830727
          ]
        ]
      },
      "id": "way/623975753"
    },
    {
      "type": "Feature",
      "properties": {
        "@id": "way/623975754",
        "highway": "residential"
      },
      "geometry": {
        "type": "LineString",
        "coordinates": [
          [
            110.3872687,
            -7.0845735
          ],
          [
            110.387515,
            -7.0845499
          ]
        ]
      },
      "id": "way/623975754"
    },
    {
      "type": "Feature",
      "properties": {
        "@id": "way/623975755",
        "highway": "residential"
      },
      "geometry": {
        "type": "LineString",
        "coordinates": [
          [
            110.3915385,
            -7.0832735
          ],
          [
            110.3915048,
            -7.0833162
          ],
          [
            110.3914712,
            -7.0833442
          ],
          [
            110.3914216,
            -7.0833548
          ],
          [
            110.3911319,
            -7.0833482
          ]
        ]
      },
      "id": "way/623975755"
    },
    {
      "type": "Feature",
      "properties": {
        "@id": "way/623975756",
        "highway": "living_street",
        "motorcycle": "yes"
      },
      "geometry": {
        "type": "LineString",
        "coordinates": [
          [
            110.3877697,
            -7.0829271
          ],
          [
            110.3877584,
            -7.0830166
          ],
          [
            110.3877107,
            -7.0833167
          ],
          [
            110.3876934,
            -7.0834926
          ],
          [
            110.3876972,
            -7.0835098
          ],
          [
            110.3877082,
            -7.0835251
          ],
          [
            110.3877307,
            -7.0835379
          ],
          [
            110.3880211,
            -7.0836443
          ]
        ]
      },
      "id": "way/623975756"
    },
    {
      "type": "Feature",
      "properties": {
        "@id": "way/623975757",
        "highway": "residential"
      },
      "geometry": {
        "type": "LineString",
        "coordinates": [
          [
            110.3872327,
            -7.0839917
          ],
          [
            110.3874851,
            -7.0839896
          ],
          [
            110.3875605,
            -7.0839836
          ]
        ]
      },
      "id": "way/623975757"
    },
    {
      "type": "Feature",
      "properties": {
        "@id": "way/623975758",
        "highway": "residential"
      },
      "geometry": {
        "type": "LineString",
        "coordinates": [
          [
            110.3876953,
            -7.0826036
          ],
          [
            110.3875485,
            -7.0826135
          ],
          [
            110.3874412,
            -7.0826388
          ]
        ]
      },
      "id": "way/623975758"
    },
    {
      "type": "Feature",
      "properties": {
        "@id": "way/623975759",
        "highway": "residential"
      },
      "geometry": {
        "type": "LineString",
        "coordinates": [
          [
            110.3893858,
            -7.0849668
          ],
          [
            110.3893456,
            -7.0852247
          ]
        ]
      },
      "id": "way/623975759"
    },
    {
      "type": "Feature",
      "properties": {
        "@id": "way/623975760",
        "highway": "service",
        "service": "driveway"
      },
      "geometry": {
        "type": "LineString",
        "coordinates": [
          [
            110.3913276,
            -7.0854157
          ],
          [
            110.391376,
            -7.085246
          ],
          [
            110.3913975,
            -7.0851861
          ],
          [
            110.3914176,
            -7.0851488
          ],
          [
            110.3914967,
            -7.0850663
          ]
        ]
      },
      "id": "way/623975760"
    },
    {
      "type": "Feature",
      "properties": {
        "@id": "way/623975761",
        "highway": "residential"
      },
      "geometry": {
        "type": "LineString",
        "coordinates": [
          [
            110.3904575,
            -7.0831405
          ],
          [
            110.3903836,
            -7.0834426
          ]
        ]
      },
      "id": "way/623975761"
    },
    {
      "type": "Feature",
      "properties": {
        "@id": "way/623975762",
        "highway": "residential"
      },
      "geometry": {
        "type": "LineString",
        "coordinates": [
          [
            110.388579,
            -7.0852799
          ],
          [
            110.3886656,
            -7.0851701
          ]
        ]
      },
      "id": "way/623975762"
    },
    {
      "type": "Feature",
      "properties": {
        "@id": "way/623975763",
        "highway": "residential"
      },
      "geometry": {
        "type": "LineString",
        "coordinates": [
          [
            110.3892244,
            -7.0833202
          ],
          [
            110.3894609,
            -7.0833322
          ]
        ]
      },
      "id": "way/623975763"
    },
    {
      "type": "Feature",
      "properties": {
        "@id": "way/623975764",
        "highway": "residential"
      },
      "geometry": {
        "type": "LineString",
        "coordinates": [
          [
            110.3879287,
            -7.0838549
          ],
          [
            110.3880957,
            -7.0838925
          ]
        ]
      },
      "id": "way/623975764"
    },
    {
      "type": "Feature",
      "properties": {
        "@id": "way/623975765",
        "highway": "residential"
      },
      "geometry": {
        "type": "LineString",
        "coordinates": [
          [
            110.38809,
            -7.0834997
          ],
          [
            110.3883009,
            -7.0835704
          ]
        ]
      },
      "id": "way/623975765"
    },
    {
      "type": "Feature",
      "properties": {
        "@id": "way/623975766",
        "highway": "residential"
      },
      "geometry": {
        "type": "LineString",
        "coordinates": [
          [
            110.388642,
            -7.0830339
          ],
          [
            110.3885986,
            -7.0833136
          ]
        ]
      },
      "id": "way/623975766"
    },
    {
      "type": "Feature",
      "properties": {
        "@id": "way/623975767",
        "highway": "residential"
      },
      "geometry": {
        "type": "LineString",
        "coordinates": [
          [
            110.3884247,
            -7.0830086
          ],
          [
            110.3884182,
            -7.083061
          ],
          [
            110.3884102,
            -7.0830733
          ],
          [
            110.3883927,
            -7.083092
          ],
          [
            110.3883807,
            -7.0831113
          ],
          [
            110.3883753,
            -7.0831432
          ],
          [
            110.3883478,
            -7.0833495
          ]
        ]
      },
      "id": "way/623975767"
    },
    {
      "type": "Feature",
      "properties": {
        "@id": "way/623975768",
        "highway": "living_street",
        "motorcycle": "yes"
      },
      "geometry": {
        "type": "LineString",
        "coordinates": [
          [
            110.3888442,
            -7.0828095
          ],
          [
            110.389009,
            -7.0828304
          ]
        ]
      },
      "id": "way/623975768"
    },
    {
      "type": "Feature",
      "properties": {
        "@id": "way/623975769",
        "highway": "residential"
      },
      "geometry": {
        "type": "LineString",
        "coordinates": [
          [
            110.3876606,
            -7.0829116
          ],
          [
            110.3876759,
            -7.0827998
          ],
          [
            110.3876974,
            -7.0826401
          ],
          [
            110.3876953,
            -7.0826036
          ],
          [
            110.3876625,
            -7.0825217
          ]
        ]
      },
      "id": "way/623975769"
    },
    {
      "type": "Feature",
      "properties": {
        "@id": "way/623975770",
        "highway": "residential"
      },
      "geometry": {
        "type": "LineString",
        "coordinates": [
          [
            110.387192,
            -7.0833424
          ],
          [
            110.3873433,
            -7.0833362
          ],
          [
            110.3874197,
            -7.0833402
          ]
        ]
      },
      "id": "way/623975770"
    },
    {
      "type": "Feature",
      "properties": {
        "@id": "way/623975771",
        "highway": "residential"
      },
      "geometry": {
        "type": "LineString",
        "coordinates": [
          [
            110.3872195,
            -7.0838069
          ],
          [
            110.3873024,
            -7.083794
          ],
          [
            110.3873634,
            -7.083776
          ],
          [
            110.3873983,
            -7.0837694
          ],
          [
            110.3875552,
            -7.0837847
          ]
        ]
      },
      "id": "way/623975771"
    },
    {
      "type": "Feature",
      "properties": {
        "@id": "way/623975772",
        "highway": "residential"
      },
      "geometry": {
        "type": "LineString",
        "coordinates": [
          [
            110.389245,
            -7.0827785
          ],
          [
            110.3892262,
            -7.0830994
          ]
        ]
      },
      "id": "way/623975772"
    },
    {
      "type": "Feature",
      "properties": {
        "@id": "way/623975773",
        "highway": "residential"
      },
      "geometry": {
        "type": "LineString",
        "coordinates": [
          [
            110.3886222,
            -7.0830316
          ],
          [
            110.3886335,
            -7.0828451
          ]
        ]
      },
      "id": "way/623975773"
    },
    {
      "type": "Feature",
      "properties": {
        "@id": "way/623975774",
        "highway": "footway"
      },
      "geometry": {
        "type": "LineString",
        "coordinates": [
          [
            110.3879394,
            -7.0829512
          ],
          [
            110.3880098,
            -7.0826468
          ],
          [
            110.3880326,
            -7.0825503
          ],
          [
            110.3880461,
            -7.0825263
          ],
          [
            110.3880595,
            -7.082519
          ],
          [
            110.3880749,
            -7.0825184
          ],
          [
            110.3882253,
            -7.082538
          ]
        ]
      },
      "id": "way/623975774"
    },
    {
      "type": "Feature",
      "properties": {
        "@id": "way/623975775",
        "highway": "service"
      },
      "geometry": {
        "type": "LineString",
        "coordinates": [
          [
            110.3879669,
            -7.0849838
          ],
          [
            110.3879401,
            -7.085065
          ],
          [
            110.3878797,
            -7.0852287
          ],
          [
            110.3878556,
            -7.0853045
          ]
        ]
      },
      "id": "way/623975775"
    },
    {
      "type": "Feature",
      "properties": {
        "@id": "way/623975776",
        "highway": "residential"
      },
      "geometry": {
        "type": "LineString",
        "coordinates": [
          [
            110.3877667,
            -7.0844665
          ],
          [
            110.3880326,
            -7.0844714
          ],
          [
            110.3884037,
            -7.0845224
          ],
          [
            110.3884725,
            -7.0845513
          ],
          [
            110.3885598,
            -7.0846
          ],
          [
            110.3885964,
            -7.0846249
          ],
          [
            110.3886144,
            -7.0846421
          ],
          [
            110.3886202,
            -7.0846536
          ],
          [
            110.3886254,
            -7.0846721
          ],
          [
            110.3886228,
            -7.0846938
          ],
          [
            110.3885529,
            -7.0848179
          ],
          [
            110.3885518,
            -7.0848211
          ],
          [
            110.388552,
            -7.0848242
          ],
          [
            110.3885562,
            -7.0848295
          ],
          [
            110.3885666,
            -7.0848364
          ]
        ]
      },
      "id": "way/623975776"
    },
    {
      "type": "Feature",
      "properties": {
        "@id": "way/623975777",
        "highway": "residential"
      },
      "geometry": {
        "type": "LineString",
        "coordinates": [
          [
            110.3879669,
            -7.0849838
          ],
          [
            110.3879401,
            -7.0849013
          ],
          [
            110.3879227,
            -7.0848241
          ],
          [
            110.387916,
            -7.0847629
          ]
        ]
      },
      "id": "way/623975777"
    },
    {
      "type": "Feature",
      "properties": {
        "@id": "way/623978657",
        "highway": "residential"
      },
      "geometry": {
        "type": "LineString",
        "coordinates": [
          [
            110.3883907,
            -7.0866687
          ],
          [
            110.3885449,
            -7.0866394
          ],
          [
            110.3886066,
            -7.0866434
          ],
          [
            110.3888534,
            -7.0866983
          ]
        ]
      },
      "id": "way/623978657"
    },
    {
      "type": "Feature",
      "properties": {
        "@id": "way/623978658",
        "highway": "residential"
      },
      "geometry": {
        "type": "LineString",
        "coordinates": [
          [
            110.3910006,
            -7.0854636
          ],
          [
            110.3909777,
            -7.0856958
          ],
          [
            110.3909509,
            -7.0857344
          ]
        ]
      },
      "id": "way/623978658"
    },
    {
      "type": "Feature",
      "properties": {
        "@id": "way/623978659",
        "highway": "residential"
      },
      "geometry": {
        "type": "LineString",
        "coordinates": [
          [
            110.387802,
            -7.086155
          ],
          [
            110.3877701,
            -7.0863129
          ]
        ]
      },
      "id": "way/623978659"
    },
    {
      "type": "Feature",
      "properties": {
        "@id": "way/623978664",
        "highway": "service",
        "service": "driveway"
      },
      "geometry": {
        "type": "LineString",
        "coordinates": [
          [
            110.3879331,
            -7.0875497
          ],
          [
            110.3878261,
            -7.0875785
          ],
          [
            110.3876665,
            -7.0876216
          ],
          [
            110.3875967,
            -7.0876482
          ]
        ]
      },
      "id": "way/623978664"
    },
    {
      "type": "Feature",
      "properties": {
        "@id": "way/623978666",
        "highway": "residential"
      },
      "geometry": {
        "type": "LineString",
        "coordinates": [
          [
            110.3877001,
            -7.0869115
          ],
          [
            110.3878127,
            -7.0868843
          ]
        ]
      },
      "id": "way/623978666"
    },
    {
      "type": "Feature",
      "properties": {
        "@id": "way/623978668",
        "highway": "residential"
      },
      "geometry": {
        "type": "LineString",
        "coordinates": [
          [
            110.3878286,
            -7.0863306
          ],
          [
            110.3878114,
            -7.0864837
          ],
          [
            110.3878301,
            -7.0865768
          ],
          [
            110.3878456,
            -7.0866257
          ],
          [
            110.38786,
            -7.0866447
          ],
          [
            110.3878905,
            -7.0866673
          ],
          [
            110.3879656,
            -7.086674
          ],
          [
            110.38803,
            -7.086686
          ]
        ]
      },
      "id": "way/623978668"
    },
    {
      "type": "Feature",
      "properties": {
        "@id": "way/623978670",
        "highway": "residential"
      },
      "geometry": {
        "type": "LineString",
        "coordinates": [
          [
            110.3894112,
            -7.0861259
          ],
          [
            110.3893603,
            -7.0862029
          ],
          [
            110.3893228,
            -7.0862827
          ]
        ]
      },
      "id": "way/623978670"
    },
    {
      "type": "Feature",
      "properties": {
        "@id": "way/623978672",
        "highway": "residential"
      },
      "geometry": {
        "type": "LineString",
        "coordinates": [
          [
            110.3881252,
            -7.087046
          ],
          [
            110.3881313,
            -7.0873195
          ],
          [
            110.3881292,
            -7.0873833
          ]
        ]
      },
      "id": "way/623978672"
    },
    {
      "type": "Feature",
      "properties": {
        "@id": "way/647098045",
        "highway": "residential"
      },
      "geometry": {
        "type": "LineString",
        "coordinates": [
          [
            110.3895843,
            -7.0978231
          ],
          [
            110.3897774,
            -7.097869
          ],
          [
            110.3900161,
            -7.097909
          ],
          [
            110.3901918,
            -7.0979455
          ],
          [
            110.3904916,
            -7.0980015
          ]
        ]
      },
      "id": "way/647098045"
    },
    {
      "type": "Feature",
      "properties": {
        "@id": "way/661065318",
        "highway": "residential"
      },
      "geometry": {
        "type": "LineString",
        "coordinates": [
          [
            110.3958228,
            -7.093756
          ],
          [
            110.396373,
            -7.0941217
          ],
          [
            110.3964092,
            -7.0941461
          ],
          [
            110.3964339,
            -7.0941728
          ],
          [
            110.3964287,
            -7.0941906
          ],
          [
            110.3963985,
            -7.0942299
          ],
          [
            110.3962898,
            -7.094369
          ],
          [
            110.3962858,
            -7.0943982
          ],
          [
            110.3963033,
            -7.0944225
          ],
          [
            110.3963495,
            -7.0944554
          ],
          [
            110.3964883,
            -7.0945712
          ],
          [
            110.3965459,
            -7.0946444
          ],
          [
            110.3968464,
            -7.0950198
          ]
        ]
      },
      "id": "way/661065318"
    },
    {
      "type": "Feature",
      "properties": {
        "@id": "way/758018532",
        "access": "permissive",
        "highway": "residential",
        "lanes": "1",
        "motorcycle": "yes",
        "name": "Jalan Perumahan Permata Garden",
        "oneway": "no",
        "smoothness": "intermediate",
        "source": "HOT_InAWARESurvey_2018",
        "surface": "paving_stones",
        "width": "4"
      },
      "geometry": {
        "type": "LineString",
        "coordinates": [
          [
            110.3880233,
            -7.0877627
          ],
          [
            110.3879319,
            -7.0877899
          ]
        ]
      },
      "id": "way/758018532"
    },
    {
      "type": "Feature",
      "properties": {
        "@id": "way/800994967",
        "highway": "service"
      },
      "geometry": {
        "type": "LineString",
        "coordinates": [
          [
            110.3917019,
            -7.0788245
          ],
          [
            110.3918286,
            -7.0792504
          ],
          [
            110.3918755,
            -7.0794122
          ],
          [
            110.3919044,
            -7.0796097
          ],
          [
            110.3917805,
            -7.0796618
          ]
        ]
      },
      "id": "way/800994967"
    },
    {
      "type": "Feature",
      "properties": {
        "@id": "way/800999724",
        "highway": "living_street",
        "motorcycle": "yes"
      },
      "geometry": {
        "type": "LineString",
        "coordinates": [
          [
            110.3955657,
            -7.0874579
          ],
          [
            110.3955281,
            -7.0867937
          ]
        ]
      },
      "id": "way/800999724"
    },
    {
      "type": "Feature",
      "properties": {
        "@id": "way/802777011",
        "highway": "residential"
      },
      "geometry": {
        "type": "LineString",
        "coordinates": [
          [
            110.3962603,
            -7.0979515
          ],
          [
            110.3963428,
            -7.0981531
          ],
          [
            110.3960887,
            -7.0983076
          ]
        ]
      },
      "id": "way/802777011"
    },
    {
      "type": "Feature",
      "properties": {
        "@id": "way/802777012",
        "highway": "residential"
      },
      "geometry": {
        "type": "LineString",
        "coordinates": [
          [
            110.3965957,
            -7.0977519
          ],
          [
            110.3962603,
            -7.0979515
          ],
          [
            110.3960578,
            -7.0980168
          ]
        ]
      },
      "id": "way/802777012"
    },
    {
      "type": "Feature",
      "properties": {
        "@id": "way/802798981",
        "highway": "residential"
      },
      "geometry": {
        "type": "LineString",
        "coordinates": [
          [
            110.3944767,
            -7.0971704
          ],
          [
            110.3946363,
            -7.0971703
          ],
          [
            110.3950158,
            -7.0971304
          ]
        ]
      },
      "id": "way/802798981"
    },
    {
      "type": "Feature",
      "properties": {
        "@id": "way/802798982",
        "highway": "residential"
      },
      "geometry": {
        "type": "LineString",
        "coordinates": [
          [
            110.3934132,
            -7.0974512
          ],
          [
            110.3938007,
            -7.0975763
          ],
          [
            110.3939107,
            -7.0972156
          ],
          [
            110.3939188,
            -7.097201
          ],
          [
            110.3939456,
            -7.0971916
          ],
          [
            110.3940435,
            -7.097189
          ],
          [
            110.3940703,
            -7.0971757
          ],
          [
            110.3940716,
            -7.0971517
          ],
          [
            110.3941306,
            -7.0967951
          ],
          [
            110.3941467,
            -7.0967498
          ],
          [
            110.3941736,
            -7.0967272
          ],
          [
            110.3942393,
            -7.0967179
          ],
          [
            110.3946403,
            -7.0967431
          ],
          [
            110.3949742,
            -7.0967245
          ]
        ]
      },
      "id": "way/802798982"
    },
    {
      "type": "Feature",
      "properties": {
        "@id": "way/802798983",
        "highway": "residential"
      },
      "geometry": {
        "type": "LineString",
        "coordinates": [
          [
            110.3946196,
            -7.096226
          ],
          [
            110.3946403,
            -7.0967431
          ],
          [
            110.3946363,
            -7.0971703
          ]
        ]
      },
      "id": "way/802798983"
    },
    {
      "type": "Feature",
      "properties": {
        "@id": "way/802798984",
        "highway": "residential"
      },
      "geometry": {
        "type": "LineString",
        "coordinates": [
          [
            110.3963428,
            -7.0981531
          ],
          [
            110.3963884,
            -7.098251
          ]
        ]
      },
      "id": "way/802798984"
    },
    {
      "type": "Feature",
      "properties": {
        "@id": "way/802834887",
        "highway": "residential"
      },
      "geometry": {
        "type": "LineString",
        "coordinates": [
          [
            110.3891712,
            -7.0932404
          ],
          [
            110.3898726,
            -7.0932278
          ]
        ]
      },
      "id": "way/802834887"
    },
    {
      "type": "Feature",
      "properties": {
        "@id": "way/926098551",
        "highway": "service"
      },
      "geometry": {
        "type": "LineString",
        "coordinates": [
          [
            110.3906813,
            -7.0983801
          ],
          [
            110.3908087,
            -7.0981059
          ],
          [
            110.3908389,
            -7.0980807
          ],
          [
            110.3908839,
            -7.0980846
          ],
          [
            110.3912044,
            -7.0982337
          ],
          [
            110.3916067,
            -7.0983162
          ]
        ]
      },
      "id": "way/926098551"
    },
    {
      "type": "Feature",
      "properties": {
        "@id": "way/926098552",
        "highway": "service"
      },
      "geometry": {
        "type": "LineString",
        "coordinates": [
          [
            110.3897486,
            -7.0984739
          ],
          [
            110.3897748,
            -7.0983481
          ],
          [
            110.389823,
            -7.098249
          ],
          [
            110.3898679,
            -7.0981858
          ],
          [
            110.389921,
            -7.0981299
          ],
          [
            110.3899712,
            -7.0980986
          ],
          [
            110.3900188,
            -7.09808
          ],
          [
            110.3900711,
            -7.098074
          ],
          [
            110.3901315,
            -7.0980766
          ],
          [
            110.390163,
            -7.09808
          ],
          [
            110.390226,
            -7.098102
          ],
          [
            110.3903582,
            -7.0981705
          ],
          [
            110.3904855,
            -7.0982417
          ],
          [
            110.3906813,
            -7.0983801
          ],
          [
            110.3908973,
            -7.0984819
          ],
          [
            110.3910226,
            -7.0985558
          ],
          [
            110.3911299,
            -7.0985856
          ],
          [
            110.3912969,
            -7.098585
          ],
          [
            110.3913874,
            -7.098577
          ],
          [
            110.3915718,
            -7.0985504
          ],
          [
            110.3917086,
            -7.0985098
          ]
        ]
      },
      "id": "way/926098552"
    },
    {
      "type": "Feature",
      "properties": {
        "@id": "way/926108846",
        "highway": "service"
      },
      "geometry": {
        "type": "LineString",
        "coordinates": [
          [
            110.3894694,
            -7.0952142
          ],
          [
            110.3895883,
            -7.0952686
          ],
          [
            110.3896916,
            -7.0953245
          ],
          [
            110.3899196,
            -7.0954935
          ],
          [
            110.389935,
            -7.0955271
          ],
          [
            110.3899303,
            -7.09556
          ],
          [
            110.3898539,
            -7.0957024
          ],
          [
            110.3898337,
            -7.0957337
          ],
          [
            110.3898177,
            -7.0957697
          ],
          [
            110.3898042,
            -7.0958189
          ],
          [
            110.3898002,
            -7.0958661
          ],
          [
            110.3898069,
            -7.0959121
          ],
          [
            110.389823,
            -7.0959513
          ]
        ]
      },
      "id": "way/926108846"
    },
    {
      "type": "Feature",
      "properties": {
        "@id": "way/926113237",
        "highway": "residential"
      },
      "geometry": {
        "type": "LineString",
        "coordinates": [
          [
            110.3982775,
            -7.0953801
          ],
          [
            110.3985885,
            -7.0953059
          ],
          [
            110.3989063,
            -7.0952526
          ],
          [
            110.399204,
            -7.0952327
          ]
        ]
      },
      "id": "way/926113237"
    },
    {
      "type": "Feature",
      "properties": {
        "@id": "way/927023039",
        "highway": "residential"
      },
      "geometry": {
        "type": "LineString",
        "coordinates": [
          [
            110.3914954,
            -7.09385
          ],
          [
            110.3914176,
            -7.0935092
          ],
          [
            110.3913975,
            -7.0934068
          ],
          [
            110.3913814,
            -7.0932763
          ],
          [
            110.3913573,
            -7.0931738
          ]
        ]
      },
      "id": "way/927023039"
    },
    {
      "type": "Feature",
      "properties": {
        "@id": "way/927025616",
        "highway": "residential"
      },
      "geometry": {
        "type": "LineString",
        "coordinates": [
          [
            110.3916281,
            -7.0910638
          ],
          [
            110.3915276,
            -7.0909993
          ],
          [
            110.3914967,
            -7.090986
          ],
          [
            110.3914766,
            -7.0909806
          ],
          [
            110.3914558,
            -7.0909793
          ],
          [
            110.391315,
            -7.0910079
          ]
        ]
      },
      "id": "way/927025616"
    },
    {
      "type": "Feature",
      "properties": {
        "@id": "way/927027014",
        "highway": "residential"
      },
      "geometry": {
        "type": "LineString",
        "coordinates": [
          [
            110.3960511,
            -7.0854137
          ],
          [
            110.3961356,
            -7.0860179
          ]
        ]
      },
      "id": "way/927027014"
    },
    {
      "type": "Feature",
      "properties": {
        "@id": "way/927027851",
        "highway": "residential"
      },
      "geometry": {
        "type": "LineString",
        "coordinates": [
          [
            110.3953216,
            -7.0804841
          ],
          [
            110.3954141,
            -7.0801514
          ]
        ]
      },
      "id": "way/927027851"
    },
    {
      "type": "Feature",
      "properties": {
        "@id": "way/927029875",
        "highway": "residential"
      },
      "geometry": {
        "type": "LineString",
        "coordinates": [
          [
            110.3881574,
            -7.0859061
          ],
          [
            110.3879636,
            -7.0858775
          ],
          [
            110.3879414,
            -7.0858815
          ],
          [
            110.3879329,
            -7.0858881
          ],
          [
            110.3879274,
            -7.0858968
          ],
          [
            110.3878286,
            -7.0863306
          ]
        ]
      },
      "id": "way/927029875"
    },
    {
      "type": "Feature",
      "properties": {
        "@id": "way/927051944",
        "highway": "residential",
        "maxspeed": "20",
        "maxspeed:advisory": "20",
        "name": "Perum Pondok Pakintelan Asri",
        "surface": "paved"
      },
      "geometry": {
        "type": "LineString",
        "coordinates": [
          [
            110.3960149,
            -7.0911343
          ],
          [
            110.3959797,
            -7.0919701
          ],
          [
            110.3959817,
            -7.0919897
          ],
          [
            110.3959854,
            -7.0920054
          ],
          [
            110.3959965,
            -7.0920177
          ],
          [
            110.3960136,
            -7.092024
          ],
          [
            110.3962805,
            -7.0919761
          ],
          [
            110.3963043,
            -7.0919734
          ],
          [
            110.3963287,
            -7.0919801
          ],
          [
            110.3963515,
            -7.0920014
          ],
          [
            110.3968759,
            -7.0924818
          ]
        ]
      },
      "id": "way/927051944"
    },
    {
      "type": "Feature",
      "properties": {
        "@id": "way/927055513",
        "highway": "residential"
      },
      "geometry": {
        "type": "LineString",
        "coordinates": [
          [
            110.3956628,
            -7.0912648
          ],
          [
            110.3956098,
            -7.0909407
          ],
          [
            110.3955994,
            -7.0909284
          ],
          [
            110.395583,
            -7.0909248
          ],
          [
            110.3954556,
            -7.0909634
          ]
        ]
      },
      "id": "way/927055513"
    },
    {
      "type": "Feature",
      "properties": {
        "@id": "way/927056161",
        "highway": "residential"
      },
      "geometry": {
        "type": "LineString",
        "coordinates": [
          [
            110.39834,
            -7.0940665
          ],
          [
            110.3983524,
            -7.0936809
          ],
          [
            110.3983634,
            -7.0934427
          ],
          [
            110.3983632,
            -7.0933362
          ]
        ]
      },
      "id": "way/927056161"
    },
    {
      "type": "Feature",
      "properties": {
        "@id": "way/927058668",
        "highway": "residential"
      },
      "geometry": {
        "type": "LineString",
        "coordinates": [
          [
            110.3956636,
            -7.0892079
          ],
          [
            110.3956448,
            -7.0888701
          ],
          [
            110.3956406,
            -7.0888647
          ],
          [
            110.395634,
            -7.0888629
          ],
          [
            110.3955398,
            -7.0888603
          ],
          [
            110.3955296,
            -7.0888553
          ],
          [
            110.3955261,
            -7.0888473
          ],
          [
            110.3955254,
            -7.0887714
          ]
        ]
      },
      "id": "way/927058668"
    },
    {
      "type": "Feature",
      "properties": {
        "@id": "way/927069215",
        "highway": "living_street",
        "motorcycle": "yes",
        "surface": "unpaved"
      },
      "geometry": {
        "type": "LineString",
        "coordinates": [
          [
            110.3967458,
            -7.0804841
          ],
          [
            110.3964454,
            -7.0812813
          ],
          [
            110.3963032,
            -7.0818083
          ],
          [
            110.3960846,
            -7.0824525
          ],
          [
            110.3960377,
            -7.0827027
          ],
          [
            110.3960133,
            -7.0828219
          ],
          [
            110.3959492,
            -7.0831998
          ],
          [
            110.3959277,
            -7.0833169
          ]
        ]
      },
      "id": "way/927069215"
    },
    {
      "type": "Feature",
      "properties": {
        "@id": "way/927070312",
        "highway": "service"
      },
      "geometry": {
        "type": "LineString",
        "coordinates": [
          [
            110.3963193,
            -7.0792131
          ],
          [
            110.3962915,
            -7.0793286
          ],
          [
            110.3962917,
            -7.0793326
          ],
          [
            110.3962949,
            -7.0793369
          ],
          [
            110.3963712,
            -7.0793555
          ],
          [
            110.3963751,
            -7.0793588
          ],
          [
            110.396377,
            -7.0793632
          ],
          [
            110.3963575,
            -7.0794524
          ]
        ]
      },
      "id": "way/927070312"
    },
    {
      "type": "Feature",
      "properties": {
        "@id": "way/927072885",
        "highway": "residential"
      },
      "geometry": {
        "type": "LineString",
        "coordinates": [
          [
            110.3925428,
            -7.0801248
          ],
          [
            110.3927507,
            -7.0801634
          ]
        ]
      },
      "id": "way/927072885"
    },
    {
      "type": "Feature",
      "properties": {
        "@id": "way/927072886",
        "highway": "residential"
      },
      "geometry": {
        "type": "LineString",
        "coordinates": [
          [
            110.3926125,
            -7.0798187
          ],
          [
            110.3925428,
            -7.0801248
          ],
          [
            110.3925146,
            -7.0802326
          ],
          [
            110.3925186,
            -7.0802685
          ],
          [
            110.3925294,
            -7.0802911
          ],
          [
            110.3925548,
            -7.0803304
          ],
          [
            110.3925723,
            -7.0803577
          ],
          [
            110.3925964,
            -7.0803876
          ],
          [
            110.3926118,
            -7.0804282
          ],
          [
            110.3926145,
            -7.0804681
          ],
          [
            110.3926092,
            -7.0804968
          ],
          [
            110.3925696,
            -7.08054
          ]
        ]
      },
      "id": "way/927072886"
    },
    {
      "type": "Feature",
      "properties": {
        "@id": "way/927074624",
        "highway": "residential"
      },
      "geometry": {
        "type": "LineString",
        "coordinates": [
          [
            110.3918937,
            -7.0787912
          ],
          [
            110.3919296,
            -7.0785201
          ]
        ]
      },
      "id": "way/927074624"
    },
    {
      "type": "Feature",
      "properties": {
        "@id": "way/927082800",
        "highway": "residential"
      },
      "geometry": {
        "type": "LineString",
        "coordinates": [
          [
            110.3979662,
            -7.0875843
          ],
          [
            110.3979798,
            -7.0878719
          ]
        ]
      },
      "id": "way/927082800"
    },
    {
      "type": "Feature",
      "properties": {
        "@id": "way/927085835",
        "highway": "living_street",
        "motorcycle": "yes"
      },
      "geometry": {
        "type": "LineString",
        "coordinates": [
          [
            110.3943908,
            -7.0784825
          ],
          [
            110.3942862,
            -7.079092
          ]
        ]
      },
      "id": "way/927085835"
    },
    {
      "type": "Feature",
      "properties": {
        "@id": "way/962819615",
        "highway": "living_street",
        "motorcycle": "yes"
      },
      "geometry": {
        "type": "LineString",
        "coordinates": [
          [
            110.3933994,
            -7.0812831
          ],
          [
            110.3939669,
            -7.0814232
          ]
        ]
      },
      "id": "way/962819615"
    },
    {
      "type": "Feature",
      "properties": {
        "@id": "way/1046439262",
        "highway": "service"
      },
      "geometry": {
        "type": "LineString",
        "coordinates": [
          [
            110.3890954,
            -7.0922709
          ],
          [
            110.3893067,
            -7.0923195
          ],
          [
            110.3895119,
            -7.0923128
          ],
          [
            110.390841,
            -7.0922383
          ]
        ]
      },
      "id": "way/1046439262"
    },
    {
      "type": "Feature",
      "properties": {
        "@id": "way/1050256149",
        "highway": "service"
      },
      "geometry": {
        "type": "LineString",
        "coordinates": [
          [
            110.3903931,
            -7.0799428
          ],
          [
            110.3903082,
            -7.0799263
          ],
          [
            110.3902585,
            -7.079904
          ],
          [
            110.390212,
            -7.079874
          ],
          [
            110.3901957,
            -7.0798292
          ],
          [
            110.3902044,
            -7.0797659
          ],
          [
            110.3902839,
            -7.0794663
          ],
          [
            110.3903175,
            -7.0793467
          ],
          [
            110.3903667,
            -7.079227
          ],
          [
            110.390439,
            -7.0789658
          ],
          [
            110.3904406,
            -7.0789183
          ]
        ]
      },
      "id": "way/1050256149"
    },
    {
      "type": "Feature",
      "properties": {
        "@id": "way/1085042576",
        "highway": "residential",
        "lanes": "1",
        "motorcycle": "yes",
        "name": "Jalan Manggis Utara",
        "oneway": "no",
        "smoothness": "intermediate",
        "source": "HOT_InAWARESurvey_2018",
        "surface": "asphalt",
        "width": "2.5"
      },
      "geometry": {
        "type": "LineString",
        "coordinates": [
          [
            110.3935184,
            -7.0922822
          ],
          [
            110.3925937,
            -7.0926043
          ],
          [
            110.3925589,
            -7.0926262
          ]
        ]
      },
      "id": "way/1085042576"
    },
    {
      "type": "Feature",
      "properties": {
        "@id": "way/1133040884",
        "highway": "residential"
      },
      "geometry": {
        "type": "LineString",
        "coordinates": [
          [
            110.3913643,
            -7.0938566
          ],
          [
            110.3913717,
            -7.0939541
          ],
          [
            110.391375,
            -7.0940286
          ],
          [
            110.3914028,
            -7.0942226
          ],
          [
            110.3914444,
            -7.094522
          ],
          [
            110.3915142,
            -7.0949465
          ],
          [
            110.3915235,
            -7.0950597
          ],
          [
            110.3915195,
            -7.0952387
          ],
          [
            110.3915329,
            -7.0953418
          ],
          [
            110.391545,
            -7.0953811
          ],
          [
            110.3915611,
            -7.095407
          ],
          [
            110.3915779,
            -7.095429
          ],
          [
            110.3916409,
            -7.0954389
          ],
          [
            110.3918461,
            -7.0954223
          ],
          [
            110.3919319,
            -7.095429
          ],
          [
            110.392129,
            -7.0954157
          ],
          [
            110.3926715,
            -7.0953145
          ]
        ]
      },
      "id": "way/1133040884"
    },
    {
      "type": "Feature",
      "properties": {
        "@id": "way/1150599528",
        "highway": "living_street",
        "lanes": "1",
        "motor_vehicle": "yes",
        "motorcycle": "yes",
        "oneway": "no",
        "smoothness": "intermediate",
        "source": "HOT_InAWARESurvey_2018",
        "surface": "paving_stones",
        "width": "1.5"
      },
      "geometry": {
        "type": "LineString",
        "coordinates": [
          [
            110.3882844,
            -7.0786707
          ],
          [
            110.3883304,
            -7.078199
          ],
          [
            110.3883381,
            -7.0781322
          ],
          [
            110.3883639,
            -7.0779341
          ],
          [
            110.3883631,
            -7.0779187
          ],
          [
            110.3883572,
            -7.0779075
          ]
        ]
      },
      "id": "way/1150599528"
    },
    {
      "type": "Feature",
      "properties": {
        "@id": "way/1166531026",
        "highway": "residential",
        "lanes": "1",
        "motorcycle": "yes",
        "name": "Jalan Watusari",
        "oneway": "no",
        "smoothness": "intermediate",
        "source": "HOT_InAWARESurvey_2018",
        "surface": "asphalt",
        "width": "2.5"
      },
      "geometry": {
        "type": "LineString",
        "coordinates": [
          [
            110.391446,
            -7.0788681
          ],
          [
            110.3909972,
            -7.0789097
          ]
        ]
      },
      "id": "way/1166531026"
    },
    {
      "type": "Feature",
      "properties": {
        "@id": "way/1166531027",
        "bridge": "yes",
        "highway": "residential",
        "lanes": "1",
        "layer": "1",
        "motorcycle": "yes",
        "name": "Jalan Watusari",
        "oneway": "no",
        "smoothness": "intermediate",
        "source": "HOT_InAWARESurvey_2018",
        "surface": "asphalt",
        "width": "2.5"
      },
      "geometry": {
        "type": "LineString",
        "coordinates": [
          [
            110.3915829,
            -7.0788601
          ],
          [
            110.391446,
            -7.0788681
          ]
        ]
      },
      "id": "way/1166531027"
    },
    {
      "type": "Feature",
      "properties": {
        "@id": "way/1176576801",
        "highway": "residential",
        "lanes": "1",
        "motorcycle": "yes",
        "oneway": "no",
        "smoothness": "intermediate",
        "source": "HOT_InAWARESurvey_2018",
        "surface": "asphalt",
        "width": "2.5"
      },
      "geometry": {
        "type": "LineString",
        "coordinates": [
          [
            110.3949937,
            -7.0916427
          ],
          [
            110.3942083,
            -7.0919386
          ],
          [
            110.393969,
            -7.092038
          ],
          [
            110.3939204,
            -7.0920651
          ],
          [
            110.3935184,
            -7.0922822
          ]
        ]
      },
      "id": "way/1176576801"
    },
    {
      "type": "Feature",
      "properties": {
        "@id": "way/1176576802",
        "bridge": "yes",
        "highway": "residential",
        "lanes": "1",
        "layer": "1",
        "motorcycle": "yes",
        "oneway": "no",
        "smoothness": "intermediate",
        "source": "HOT_InAWARESurvey_2018",
        "surface": "asphalt",
        "width": "2.5"
      },
      "geometry": {
        "type": "LineString",
        "coordinates": [
          [
            110.3950949,
            -7.0915915
          ],
          [
            110.3949937,
            -7.0916427
          ]
        ]
      },
      "id": "way/1176576802"
    },
    {
      "type": "Feature",
      "properties": {
        "@id": "way/1176576803",
        "highway": "living_street",
        "lanes": "1",
        "motorcycle": "yes",
        "oneway": "no",
        "smoothness": "intermediate",
        "source": "HOT_InAWARESurvey_2018",
        "surface": "concrete",
        "width": "2"
      },
      "geometry": {
        "type": "LineString",
        "coordinates": [
          [
            110.3936767,
            -7.0899958
          ],
          [
            110.3934403,
            -7.0903576
          ]
        ]
      },
      "id": "way/1176576803"
    },
    {
      "type": "Feature",
      "properties": {
        "@id": "way/1176576804",
        "bridge": "yes",
        "highway": "living_street",
        "lanes": "1",
        "layer": "1",
        "motorcycle": "yes",
        "oneway": "no",
        "smoothness": "intermediate",
        "source": "HOT_InAWARESurvey_2018",
        "surface": "concrete",
        "width": "2"
      },
      "geometry": {
        "type": "LineString",
        "coordinates": [
          [
            110.393723,
            -7.0899279
          ],
          [
            110.3936767,
            -7.0899958
          ]
        ]
      },
      "id": "way/1176576804"
    },
    {
      "type": "Feature",
      "properties": {
        "@id": "way/1275473669",
        "highway": "residential"
      },
      "geometry": {
        "type": "LineString",
        "coordinates": [
          [
            110.393026,
            -7.0822823
          ],
          [
            110.3933993,
            -7.0827883
          ],
          [
            110.3936532,
            -7.0831325
          ],
          [
            110.3937136,
            -7.0833987
          ],
          [
            110.3937591,
            -7.0836303
          ]
        ]
      },
      "id": "way/1275473669"
    },
    {
      "type": "Feature",
      "properties": {
        "@id": "way/1275473696",
        "highway": "residential"
      },
      "geometry": {
        "type": "LineString",
        "coordinates": [
          [
            110.3936532,
            -7.0831325
          ],
          [
            110.3939523,
            -7.0830448
          ],
          [
            110.3942969,
            -7.0830208
          ],
          [
            110.394356,
            -7.0834599
          ]
        ]
      },
      "id": "way/1275473696"
    },
    {
      "type": "Feature",
      "properties": {
        "@id": "way/1276356057",
        "highway": "residential"
      },
      "geometry": {
        "type": "LineString",
        "coordinates": [
          [
            110.396263,
            -7.0937421
          ],
          [
            110.3964776,
            -7.0939111
          ]
        ]
      },
      "id": "way/1276356057"
    },
    {
      "type": "Feature",
      "properties": {
        "@id": "way/1276356058",
        "highway": "residential"
      },
      "geometry": {
        "type": "LineString",
        "coordinates": [
          [
            110.3959985,
            -7.0929689
          ],
          [
            110.3960015,
            -7.0930128
          ],
          [
            110.3960149,
            -7.093082
          ],
          [
            110.396039,
            -7.0931778
          ],
          [
            110.3960994,
            -7.0932683
          ],
          [
            110.3962389,
            -7.0933801
          ],
          [
            110.3963904,
            -7.0934613
          ],
          [
            110.396432,
            -7.0934946
          ],
          [
            110.3964266,
            -7.0935412
          ],
          [
            110.396263,
            -7.0937421
          ],
          [
            110.3960082,
            -7.0935824
          ]
        ]
      },
      "id": "way/1276356058"
    },
    {
      "type": "Feature",
      "properties": {
        "@id": "way/1276356059",
        "highway": "residential"
      },
      "geometry": {
        "type": "LineString",
        "coordinates": [
          [
            110.3957147,
            -7.0912455
          ],
          [
            110.3956474,
            -7.0914943
          ],
          [
            110.3955764,
            -7.0919322
          ],
          [
            110.3956608,
            -7.0921398
          ],
          [
            110.3956635,
            -7.0921664
          ],
          [
            110.3956541,
            -7.0921904
          ],
          [
            110.3956152,
            -7.0922196
          ],
          [
            110.3955013,
            -7.0922888
          ],
          [
            110.3951589,
            -7.0915369
          ]
        ]
      },
      "id": "way/1276356059"
    },
    {
      "type": "Feature",
      "properties": {
        "@id": "way/1276356060",
        "highway": "residential"
      },
      "geometry": {
        "type": "LineString",
        "coordinates": [
          [
            110.3964339,
            -7.0941728
          ],
          [
            110.3965788,
            -7.0942771
          ]
        ]
      },
      "id": "way/1276356060"
    },
    {
      "type": "Feature",
      "properties": {
        "@id": "way/1276356061",
        "highway": "residential"
      },
      "geometry": {
        "type": "LineString",
        "coordinates": [
          [
            110.3937242,
            -7.0979614
          ],
          [
            110.394651,
            -7.098219
          ],
          [
            110.3946738,
            -7.0982297
          ],
          [
            110.3946818,
            -7.0982616
          ],
          [
            110.3945772,
            -7.0986276
          ]
        ]
      },
      "id": "way/1276356061"
    },
    {
      "type": "Feature",
      "properties": {
        "@id": "way/1276356062",
        "highway": "residential"
      },
      "geometry": {
        "type": "LineString",
        "coordinates": [
          [
            110.3937364,
            -7.0978784
          ],
          [
            110.3937242,
            -7.0979614
          ],
          [
            110.3936505,
            -7.0984626
          ]
        ]
      },
      "id": "way/1276356062"
    },
    {
      "type": "Feature",
      "properties": {
        "@id": "way/1276356063",
        "highway": "residential"
      },
      "geometry": {
        "type": "LineString",
        "coordinates": [
          [
            110.3938007,
            -7.0975763
          ],
          [
            110.3937364,
            -7.0978784
          ],
          [
            110.3934064,
            -7.0977772
          ]
        ]
      },
      "id": "way/1276356063"
    },
    {
      "type": "Feature",
      "properties": {
        "@id": "way/1276356064",
        "highway": "residential"
      },
      "geometry": {
        "type": "LineString",
        "coordinates": [
          [
            110.3941306,
            -7.0967951
          ],
          [
            110.3939523,
            -7.0967591
          ]
        ]
      },
      "id": "way/1276356064"
    },
    {
      "type": "Feature",
      "properties": {
        "@id": "way/1276430726",
        "highway": "living_street",
        "motorcycle": "yes"
      },
      "geometry": {
        "type": "LineString",
        "coordinates": [
          [
            110.3960133,
            -7.0828219
          ],
          [
            110.395459,
            -7.0828211
          ]
        ]
      },
      "id": "way/1276430726"
    },
    {
      "type": "Feature",
      "properties": {
        "@id": "way/1276430727",
        "highway": "living_street",
        "motorcycle": "yes",
        "surface": "unpaved"
      },
      "geometry": {
        "type": "LineString",
        "coordinates": [
          [
            110.3959492,
            -7.0831998
          ],
          [
            110.3964333,
            -7.0832763
          ]
        ]
      },
      "id": "way/1276430727"
    },
    {
      "type": "Feature",
      "properties": {
        "@id": "way/1276430728",
        "highway": "living_street",
        "motorcycle": "yes",
        "surface": "unpaved"
      },
      "geometry": {
        "type": "LineString",
        "coordinates": [
          [
            110.3960377,
            -7.0827027
          ],
          [
            110.3963448,
            -7.0827785
          ]
        ]
      },
      "id": "way/1276430728"
    },
    {
      "type": "Feature",
      "properties": {
        "@id": "way/1276431346",
        "highway": "residential"
      },
      "geometry": {
        "type": "LineString",
        "coordinates": [
          [
            110.3939523,
            -7.0830448
          ],
          [
            110.3940368,
            -7.0833615
          ]
        ]
      },
      "id": "way/1276431346"
    },
    {
      "type": "Feature",
      "properties": {
        "@id": "way/1276431696",
        "highway": "residential"
      },
      "geometry": {
        "type": "LineString",
        "coordinates": [
          [
            110.3933993,
            -7.0827883
          ],
          [
            110.3935439,
            -7.0827113
          ],
          [
            110.393682,
            -7.0826501
          ],
          [
            110.3938376,
            -7.0826501
          ],
          [
            110.3939248,
            -7.0826761
          ]
        ]
      },
      "id": "way/1276431696"
    },
    {
      "type": "Feature",
      "properties": {
        "@id": "way/1281792521",
        "highway": "living_street",
        "lanes": "1",
        "motorcycle": "yes",
        "name": "Jalan Dukuh Kepil",
        "oneway": "no",
        "smoothness": "intermediate",
        "surface": "concrete",
        "width": "2"
      },
      "geometry": {
        "type": "LineString",
        "coordinates": [
          [
            110.3920859,
            -7.0825316
          ],
          [
            110.392264,
            -7.0826025
          ]
        ]
      },
      "id": "way/1281792521"
    },
    {
      "type": "Feature",
      "properties": {
        "@id": "way/1281792522",
        "highway": "residential",
        "lanes": "1",
        "motorcycle": "yes",
        "name": "Jalan Watusari",
        "oneway": "no",
        "smoothness": "intermediate",
        "surface": "asphalt",
        "width": "2"
      },
      "geometry": {
        "type": "LineString",
        "coordinates": [
          [
            110.3954141,
            -7.0801514
          ],
          [
            110.3952399,
            -7.0801136
          ],
          [
            110.3952236,
            -7.0801101
          ],
          [
            110.3944834,
            -7.0800589
          ],
          [
            110.3940274,
            -7.079989
          ],
          [
            110.393617,
            -7.0798879
          ],
          [
            110.3929733,
            -7.0798453
          ]
        ]
      },
      "id": "way/1281792522"
    },
    {
      "type": "Feature",
      "properties": {
        "@id": "way/1281792523",
        "highway": "living_street",
        "lanes": "1",
        "motorcycle": "yes",
        "name": "Jalan Watusari",
        "oneway": "no",
        "smoothness": "intermediate",
        "surface": "asphalt",
        "width": "2"
      },
      "geometry": {
        "type": "LineString",
        "coordinates": [
          [
            110.3966737,
            -7.0855176
          ],
          [
            110.3968973,
            -7.0854602
          ],
          [
            110.3970046,
            -7.0854243
          ],
          [
            110.3970596,
            -7.0853737
          ],
          [
            110.3971003,
            -7.0853302
          ],
          [
            110.397398,
            -7.0841989
          ],
          [
            110.3977762,
            -7.082916
          ],
          [
            110.3979863,
            -7.0824518
          ],
          [
            110.3980916,
            -7.0821577
          ],
          [
            110.3982157,
            -7.0818123
          ],
          [
            110.398514,
            -7.0809865
          ]
        ]
      },
      "id": "way/1281792523"
    },
    {
      "type": "Feature",
      "properties": {
        "@id": "way/1281792524",
        "highway": "residential",
        "lanes": "1",
        "motorcycle": "yes",
        "name": "Jalan Watusari",
        "oneway": "no",
        "smoothness": "intermediate",
        "surface": "paving_stones",
        "width": "2"
      },
      "geometry": {
        "type": "LineString",
        "coordinates": [
          [
            110.3926444,
            -7.0826648
          ],
          [
            110.3928251,
            -7.0826015
          ],
          [
            110.3928573,
            -7.0825822
          ],
          [
            110.3928861,
            -7.0825543
          ],
          [
            110.393026,
            -7.0822823
          ]
        ]
      },
      "id": "way/1281792524"
    },
    {
      "type": "Feature",
      "properties": {
        "@id": "way/1313136920",
        "highway": "residential",
        "lanes": "1",
        "motorcycle": "yes",
        "oneway": "no",
        "smoothness": "intermediate",
        "source": "HOT_InAWARESurvey_2018",
        "surface": "concrete",
        "width": "2"
      },
      "geometry": {
        "type": "LineString",
        "coordinates": [
          [
            110.3957755,
            -7.0864618
          ],
          [
            110.3957681,
            -7.0867325
          ]
        ]
      },
      "id": "way/1313136920"
    },
    {
      "type": "Feature",
      "properties": {
        "@id": "way/1328994748",
        "highway": "living_street",
        "lanes": "1",
        "oneway": "no",
        "smoothness": "bad",
        "source": "HOT_InAWARESurvey_2018",
        "surface": "grass",
        "width": "2"
      },
      "geometry": {
        "type": "LineString",
        "coordinates": [
          [
            110.394598,
            -7.0903337
          ],
          [
            110.3947877,
            -7.0904734
          ],
          [
            110.3948046,
            -7.0904864
          ],
          [
            110.3948181,
            -7.0905011
          ],
          [
            110.3948902,
            -7.0906265
          ],
          [
            110.3949911,
            -7.0908117
          ]
        ]
      },
      "id": "way/1328994748"
    },
    {
      "type": "Feature",
      "properties": {
        "@id": "way/1328994749",
        "highway": "living_street"
      },
      "geometry": {
        "type": "LineString",
        "coordinates": [
          [
            110.3949911,
            -7.0908117
          ],
          [
            110.3952464,
            -7.0906426
          ]
        ]
      },
      "id": "way/1328994749"
    },
    {
      "type": "Feature",
      "properties": {
        "@id": "way/1356166741",
        "name": "Kali Garang",
        "source": "HOT_InAWARESurvey_2018",
        "waterway": "river",
        "width": "10"
      },
      "geometry": {
        "type": "LineString",
        "coordinates": [
          [
            110.3990483,
            -7.103155
          ],
          [
            110.3990712,
            -7.1030167
          ],
          [
            110.3992241,
            -7.1025297
          ],
          [
            110.3994711,
            -7.1022124
          ],
          [
            110.3998573,
            -7.101869
          ],
          [
            110.3999995,
            -7.1015763
          ],
          [
            110.4002862,
            -7.1010631
          ],
          [
            110.400485,
            -7.1007432
          ],
          [
            110.4006859,
            -7.1005388
          ],
          [
            110.4008498,
            -7.1003359
          ],
          [
            110.4008846,
            -7.1002108
          ],
          [
            110.4011072,
            -7.0998435
          ],
          [
            110.4011325,
            -7.0995673
          ],
          [
            110.4010667,
            -7.0992239
          ],
          [
            110.4010158,
            -7.0989897
          ],
          [
            110.4008575,
            -7.0984094
          ],
          [
            110.400949,
            -7.0981427
          ],
          [
            110.4012226,
            -7.0976796
          ],
          [
            110.4012867,
            -7.0972676
          ],
          [
            110.4010493,
            -7.096497
          ]
        ]
      },
      "id": "way/1356166741"
    },
    {
      "type": "Feature",
      "properties": {
        "@id": "way/1382821393",
        "waterway": "stream"
      },
      "geometry": {
        "type": "LineString",
        "coordinates": [
          [
            110.3914337,
            -7.0923328
          ],
          [
            110.3913465,
            -7.0921571
          ],
          [
            110.3913009,
            -7.0921065
          ],
          [
            110.3912553,
            -7.0920666
          ],
          [
            110.3911722,
            -7.0919495
          ],
          [
            110.3911158,
            -7.0919229
          ],
          [
            110.3909871,
            -7.091875
          ],
          [
            110.3909361,
            -7.0918457
          ],
          [
            110.3909093,
            -7.0917924
          ],
          [
            110.3908744,
            -7.0917499
          ],
          [
            110.3907081,
            -7.091481
          ],
          [
            110.3905258,
            -7.091312
          ],
          [
            110.3904305,
            -7.0911483
          ],
          [
            110.3902897,
            -7.0910046
          ],
          [
            110.3901851,
            -7.090789
          ],
          [
            110.3902079,
            -7.0905707
          ],
          [
            110.3902562,
            -7.0902992
          ],
          [
            110.3902428,
            -7.0900623
          ],
          [
            110.3902173,
            -7.0898361
          ],
          [
            110.3901717,
            -7.0897163
          ],
          [
            110.3901476,
            -7.0896205
          ],
          [
            110.3899276,
            -7.0890748
          ],
          [
            110.3898659,
            -7.0888593
          ],
          [
            110.3898606,
            -7.0887954
          ],
          [
            110.3898069,
            -7.0884307
          ],
          [
            110.3898042,
            -7.0882204
          ],
          [
            110.389815,
            -7.0878744
          ],
          [
            110.3898472,
            -7.08776
          ],
          [
            110.3900778,
            -7.0872143
          ],
          [
            110.3901315,
            -7.0868523
          ],
          [
            110.390169,
            -7.0865169
          ],
          [
            110.3902844,
            -7.0862721
          ],
          [
            110.3904051,
            -7.0859287
          ],
          [
            110.3905794,
            -7.085608
          ],
          [
            110.3907202,
            -7.0853897
          ],
          [
            110.3907511,
            -7.085234
          ],
          [
            110.3907512,
            -7.0851112
          ]
        ]
      },
      "id": "way/1382821393"
    },
    {
      "type": "Feature",
      "properties": {
        "@id": "way/1410885260",
        "highway": "residential",
        "lanes": "1",
        "motorcycle": "yes",
        "name": "Jalan Pakintelan II",
        "oneway": "no",
        "smoothness": "intermediate",
        "source": "HOT_InAWARESurvey_2018",
        "surface": "asphalt",
        "width": "2.5"
      },
      "geometry": {
        "type": "LineString",
        "coordinates": [
          [
            110.390678,
            -7.0855281
          ],
          [
            110.3908684,
            -7.08548
          ],
          [
            110.3910006,
            -7.0854636
          ],
          [
            110.391136,
            -7.0854469
          ]
        ]
      },
      "id": "way/1410885260"
    },
    {
      "type": "Feature",
      "properties": {
        "@id": "way/1410885261",
        "bridge": "yes",
        "highway": "residential",
        "lanes": "1",
        "layer": "1",
        "motorcycle": "yes",
        "name": "Jalan Pakintelan II",
        "oneway": "no",
        "smoothness": "intermediate",
        "source": "HOT_InAWARESurvey_2018",
        "surface": "asphalt",
        "width": "2.5"
      },
      "geometry": {
        "type": "LineString",
        "coordinates": [
          [
            110.3905291,
            -7.0855474
          ],
          [
            110.390678,
            -7.0855281
          ]
        ]
      },
      "id": "way/1410885261"
    },
    {
      "type": "Feature",
      "properties": {
        "@id": "way/1410885262",
        "bridge": "yes",
        "highway": "service",
        "lanes": "1",
        "layer": "1",
        "motorcycle": "yes",
        "oneway": "no",
        "service": "driveway",
        "smoothness": "intermediate",
        "source": "HOT_InAWARESurvey_2018",
        "surface": "paving_stones",
        "width": "2"
      },
      "geometry": {
        "type": "LineString",
        "coordinates": [
          [
            110.3903514,
            -7.0861876
          ],
          [
            110.3903005,
            -7.0861436
          ]
        ]
      },
      "id": "way/1410885262"
    },
    {
      "type": "Feature",
      "properties": {
        "@id": "way/1410885263",
        "highway": "service",
        "lanes": "1",
        "motorcycle": "yes",
        "oneway": "no",
        "service": "driveway",
        "smoothness": "intermediate",
        "source": "HOT_InAWARESurvey_2018",
        "surface": "paving_stones",
        "width": "2"
      },
      "geometry": {
        "type": "LineString",
        "coordinates": [
          [
            110.3903125,
            -7.0869388
          ],
          [
            110.3903662,
            -7.0867538
          ],
          [
            110.3904158,
            -7.0862807
          ],
          [
            110.3904098,
            -7.0862521
          ],
          [
            110.3903989,
            -7.0862195
          ],
          [
            110.3903514,
            -7.0861876
          ]
        ]
      },
      "id": "way/1410885263"
    },
    {
      "type": "Feature",
      "properties": {
        "@id": "way/1410885264",
        "highway": "residential",
        "lanes": "1",
        "motorcycle": "yes",
        "name": "Jalan Sumur Jurang",
        "oneway": "no",
        "smoothness": "intermediate",
        "source": "HOT_InAWARESurvey_2018",
        "surface": "asphalt",
        "width": "3"
      },
      "geometry": {
        "type": "LineString",
        "coordinates": [
          [
            110.3902983,
            -7.0904882
          ],
          [
            110.3905166,
            -7.090489
          ],
          [
            110.3905881,
            -7.0905215
          ],
          [
            110.3906364,
            -7.0905647
          ],
          [
            110.3906726,
            -7.0906453
          ],
          [
            110.3907712,
            -7.0910172
          ]
        ]
      },
      "id": "way/1410885264"
    },
    {
      "type": "Feature",
      "properties": {
        "@id": "way/1410885265",
        "bridge": "yes",
        "highway": "residential",
        "lanes": "1",
        "layer": "1",
        "motorcycle": "yes",
        "name": "Jalan Sumur Jurang",
        "oneway": "no",
        "smoothness": "intermediate",
        "source": "HOT_InAWARESurvey_2018",
        "surface": "asphalt",
        "width": "3"
      },
      "geometry": {
        "type": "LineString",
        "coordinates": [
          [
            110.3901241,
            -7.0904989
          ],
          [
            110.3902983,
            -7.0904882
          ]
        ]
      },
      "id": "way/1410885265"
    },
    {
      "type": "Feature",
      "properties": {
        "@id": "way/1410885266",
        "bridge": "yes",
        "highway": "residential",
        "layer": "1"
      },
      "geometry": {
        "type": "LineString",
        "coordinates": [
          [
            110.3959955,
            -7.0929064
          ],
          [
            110.3959985,
            -7.0929689
          ]
        ]
      },
      "id": "way/1410885266"
    },
    {
      "type": "Feature",
      "properties": {
        "@id": "way/1410885267",
        "highway": "residential"
      },
      "geometry": {
        "type": "LineString",
        "coordinates": [
          [
            110.3955013,
            -7.0922888
          ],
          [
            110.3956354,
            -7.0925111
          ],
          [
            110.3957292,
            -7.0926069
          ],
          [
            110.3958406,
            -7.0927001
          ],
          [
            110.3959613,
            -7.0927906
          ],
          [
            110.3959854,
            -7.0928132
          ],
          [
            110.3959908,
            -7.0928571
          ],
          [
            110.3959955,
            -7.0929064
          ]
        ]
      },
      "id": "way/1410885267"
    },
    {
      "type": "Feature",
      "properties": {
        "@id": "way/1427299662",
        "highway": "service"
      },
      "geometry": {
        "type": "LineString",
        "coordinates": [
          [
            110.3886762,
            -7.0876666
          ],
          [
            110.3886724,
            -7.0877806
          ],
          [
            110.3886724,
            -7.0878425
          ],
          [
            110.3886744,
            -7.0878724
          ],
          [
            110.3886824,
            -7.0878957
          ],
          [
            110.3886978,
            -7.087907
          ],
          [
            110.3887374,
            -7.0879157
          ],
          [
            110.388844,
            -7.0879237
          ],
          [
            110.3890217,
            -7.0879316
          ],
          [
            110.3891999,
            -7.0879446
          ]
        ]
      },
      "id": "way/1427299662"
    },
    {
      "type": "Feature",
      "properties": {
        "@id": "way/1427905616",
        "highway": "residential"
      },
      "geometry": {
        "type": "LineString",
        "coordinates": [
          [
            110.3903467,
            -7.0852945
          ],
          [
            110.3902156,
            -7.0852965
          ],
          [
            110.3900822,
            -7.0853009
          ]
        ]
      },
      "id": "way/1427905616"
    },
    {
      "type": "Feature",
      "properties": {
        "@id": "way/1427905617",
        "highway": "residential"
      },
      "geometry": {
        "type": "LineString",
        "coordinates": [
          [
            110.3903146,
            -7.0855712
          ],
          [
            110.3903387,
            -7.0854759
          ],
          [
            110.3903474,
            -7.0853691
          ],
          [
            110.3903467,
            -7.0852945
          ],
          [
            110.390346,
            -7.0852426
          ],
          [
            110.3903387,
            -7.0852067
          ],
          [
            110.3903169,
            -7.0851465
          ],
          [
            110.3902864,
            -7.0850603
          ]
        ]
      },
      "id": "way/1427905617"
    },
    {
      "type": "Feature",
      "properties": {
        "@id": "way/1427905927",
        "highway": "service"
      },
      "geometry": {
        "type": "LineString",
        "coordinates": [
          [
            110.3891187,
            -7.0840866
          ],
          [
            110.388723,
            -7.0839537
          ]
        ]
      },
      "id": "way/1427905927"
    },
    {
      "type": "Feature",
      "properties": {
        "@id": "way/1427914846",
        "highway": "service"
      },
      "geometry": {
        "type": "LineString",
        "coordinates": [
          [
            110.3883377,
            -7.0795355
          ],
          [
            110.388422,
            -7.0792491
          ]
        ]
      },
      "id": "way/1427914846"
    },
    {
      "type": "Feature",
      "properties": {
        "@id": "way/1427914847",
        "highway": "residential"
      },
      "geometry": {
        "type": "LineString",
        "coordinates": [
          [
            110.3881829,
            -7.0791805
          ],
          [
            110.3881376,
            -7.0793432
          ],
          [
            110.3881329,
            -7.0793682
          ],
          [
            110.3881342,
            -7.0793825
          ],
          [
            110.388147,
            -7.0793978
          ],
          [
            110.3882147,
            -7.079452
          ],
          [
            110.38827,
            -7.0794886
          ],
          [
            110.3883377,
            -7.0795355
          ],
          [
            110.3884588,
            -7.0796264
          ],
          [
            110.3885134,
            -7.079664
          ],
          [
            110.3885443,
            -7.0796816
          ],
          [
            110.3885748,
            -7.0796969
          ],
          [
            110.3885983,
            -7.0797059
          ]
        ]
      },
      "id": "way/1427914847"
    },
    {
      "type": "Feature",
      "properties": {
        "@id": "way/1428282184",
        "highway": "residential"
      },
      "geometry": {
        "type": "LineString",
        "coordinates": [
          [
            110.3966948,
            -7.0978644
          ],
          [
            110.3969309,
            -7.0983322
          ],
          [
            110.3970838,
            -7.0986409
          ],
          [
            110.397175,
            -7.0991546
          ]
        ]
      },
      "id": "way/1428282184"
    },
    {
      "type": "Feature",
      "properties": {
        "@id": "way/1428282895",
        "highway": "residential"
      },
      "geometry": {
        "type": "LineString",
        "coordinates": [
          [
            110.3954737,
            -7.0939877
          ],
          [
            110.3947962,
            -7.0934035
          ]
        ]
      },
      "id": "way/1428282895"
    },
    {
      "type": "Feature",
      "properties": {
        "@id": "way/1428284244",
        "highway": "residential"
      },
      "geometry": {
        "type": "LineString",
        "coordinates": [
          [
            110.3926092,
            -7.0930706
          ],
          [
            110.3923939,
            -7.0931013
          ]
        ]
      },
      "id": "way/1428284244"
    },
    {
      "type": "Feature",
      "properties": {
        "@id": "way/1428284245",
        "highway": "service"
      },
      "geometry": {
        "type": "LineString",
        "coordinates": [
          [
            110.3923268,
            -7.0937142
          ],
          [
            110.3922638,
            -7.0932604
          ]
        ]
      },
      "id": "way/1428284245"
    },
    {
      "type": "Feature",
      "properties": {
        "@id": "way/1428285018",
        "highway": "living_street"
      },
      "geometry": {
        "type": "LineString",
        "coordinates": [
          [
            110.398792,
            -7.0944608
          ],
          [
            110.398858,
            -7.0946804
          ]
        ]
      },
      "id": "way/1428285018"
    },
    {
      "type": "Feature",
      "properties": {
        "@id": "way/1428285019",
        "highway": "residential"
      },
      "geometry": {
        "type": "LineString",
        "coordinates": [
          [
            110.3983634,
            -7.0934427
          ],
          [
            110.3984356,
            -7.0934201
          ],
          [
            110.3985228,
            -7.0933988
          ]
        ]
      },
      "id": "way/1428285019"
    },
    {
      "type": "Feature",
      "properties": {
        "@id": "way/1428285020",
        "construction": "residential",
        "highway": "construction"
      },
      "geometry": {
        "type": "LineString",
        "coordinates": [
          [
            110.3960846,
            -7.0824525
          ],
          [
            110.3954798,
            -7.0823367
          ]
        ]
      },
      "id": "way/1428285020"
    },
    {
      "type": "Feature",
      "properties": {
        "@id": "way/1428286088",
        "highway": "residential"
      },
      "geometry": {
        "type": "LineString",
        "coordinates": [
          [
            110.3951284,
            -7.0961308
          ],
          [
            110.3949823,
            -7.0957451
          ]
        ]
      },
      "id": "way/1428286088"
    },
    {
      "type": "Feature",
      "properties": {
        "@id": "way/1428286089",
        "highway": "residential"
      },
      "geometry": {
        "type": "LineString",
        "coordinates": [
          [
            110.3948931,
            -7.0957903
          ],
          [
            110.3947764,
            -7.0955614
          ]
        ]
      },
      "id": "way/1428286089"
    },
    {
      "type": "Feature",
      "properties": {
        "@id": "way/1428286905",
        "highway": "residential"
      },
      "geometry": {
        "type": "LineString",
        "coordinates": [
          [
            110.3962166,
            -7.0803592
          ],
          [
            110.3962965,
            -7.0799664
          ]
        ]
      },
      "id": "way/1428286905"
    },
    {
      "type": "Feature",
      "properties": {
        "@id": "way/1428286906",
        "highway": "residential"
      },
      "geometry": {
        "type": "LineString",
        "coordinates": [
          [
            110.3965308,
            -7.0804252
          ],
          [
            110.3965513,
            -7.0800329
          ]
        ]
      },
      "id": "way/1428286906"
    },
    {
      "type": "Feature",
      "properties": {
        "@id": "way/1428287104",
        "highway": "service"
      },
      "geometry": {
        "type": "LineString",
        "coordinates": [
          [
            110.3957681,
            -7.0867325
          ],
          [
            110.3959559,
            -7.0867286
          ]
        ]
      },
      "id": "way/1428287104"
    },
    {
      "type": "Feature",
      "properties": {
        "@id": "way/1428287587",
        "highway": "residential"
      },
      "geometry": {
        "type": "LineString",
        "coordinates": [
          [
            110.3930635,
            -7.0907268
          ],
          [
            110.3928874,
            -7.0903312
          ]
        ]
      },
      "id": "way/1428287587"
    },
    {
      "type": "Feature",
      "properties": {
        "@id": "way/1428288487",
        "highway": "residential"
      },
      "geometry": {
        "type": "LineString",
        "coordinates": [
          [
            110.3983968,
            -7.0887153
          ],
          [
            110.3983444,
            -7.0889371
          ]
        ]
      },
      "id": "way/1428288487"
    },
    {
      "type": "Feature",
      "properties": {
        "@id": "way/1428288488",
        "highway": "residential"
      },
      "geometry": {
        "type": "LineString",
        "coordinates": [
          [
            110.3979407,
            -7.0885691
          ],
          [
            110.3983968,
            -7.0887153
          ],
          [
            110.3985509,
            -7.0887648
          ]
        ]
      },
      "id": "way/1428288488"
    },
    {
      "type": "Feature",
      "properties": {
        "@id": "way/1428288489",
        "highway": "service"
      },
      "geometry": {
        "type": "LineString",
        "coordinates": [
          [
            110.3961563,
            -7.089356
          ],
          [
            110.3961242,
            -7.0891567
          ]
        ]
      },
      "id": "way/1428288489"
    },
    {
      "type": "Feature",
      "properties": {
        "@id": "way/1428288509",
        "highway": "residential"
      },
      "geometry": {
        "type": "LineString",
        "coordinates": [
          [
            110.3952399,
            -7.0801136
          ],
          [
            110.3951358,
            -7.0805014
          ]
        ]
      },
      "id": "way/1428288509"
    },
    {
      "type": "Feature",
      "properties": {
        "@id": "way/1428289208",
        "highway": "residential"
      },
      "geometry": {
        "type": "LineString",
        "coordinates": [
          [
            110.3893455,
            -7.090576
          ],
          [
            110.3892879,
            -7.0901289
          ]
        ]
      },
      "id": "way/1428289208"
    },
    {
      "type": "Feature",
      "properties": {
        "@id": "way/1428290178",
        "highway": "living_street"
      },
      "geometry": {
        "type": "LineString",
        "coordinates": [
          [
            110.3939768,
            -7.0886823
          ],
          [
            110.3939999,
            -7.0890482
          ]
        ]
      },
      "id": "way/1428290178"
    },
    {
      "type": "Feature",
      "properties": {
        "@id": "node/10937107109",
        "@relations": [
          {
            "role": "admin_centre",
            "rel": 8199810,
            "reltags": {
              "admin_level": "7",
              "boundary": "administrative",
              "name": "Pakintelan",
              "source": "HOT_InAWARESurvey_2018",
              "type": "boundary",
              "wikidata": "Q12502124",
              "wikipedia": "id:Pakintelan, Gunungpati, Semarang"
            }
          }
        ]
      },
      "geometry": {
        "type": "Point",
        "coordinates": [
          110.3954453,
          -7.0891109
        ]
      },
      "id": "node/10937107109"
    }
  ]
}